n1,n2,n3,n4,n5,n6,c,AÃ±o,Mes,DÃ­a
5,3,7,9,16,31,11,2009,4,18
40,17,21,34,7,30,4,2009,5,7
3,13,23,5,43,39,26,2009,5,9
29,9,43,23,40,14,18,2009,5,14
34,26,29,32,28,8,36,2009,5,16
3,36,26,5,16,49,40,2009,5,21
6,17,47,5,22,41,25,2009,5,23
44,48,31,39,1,17,27,2009,5,28
11,9,13,17,22,3,14,2009,5,30
4,46,14,25,41,10,5,2009,6,4
17,32,47,2,42,28,33,2009,6,6
40,17,39,33,41,32,23,2009,6,11
44,2,18,10,36,24,31,2009,6,13
12,29,39,10,18,46,7,2009,6,18
8,17,33,23,37,13,12,2009,6,20
16,27,21,11,29,17,48,2009,6,25
1,45,43,23,22,36,11,2009,6,27
41,2,24,29,42,15,7,2009,7,2
12,16,8,14,13,37,43,2009,7,4
27,7,2,20,30,13,35,2009,7,9
1,47,11,35,43,36,9,2009,7,11
14,2,5,8,44,34,36,2009,7,16
14,28,22,38,5,30,17,2009,7,18
2,49,3,19,47,10,36,2009,7,23
25,29,18,27,4,10,15,2009,7,25
27,38,39,44,9,45,48,2009,7,30
41,44,49,6,25,20,45,2009,8,1
12,18,19,48,17,31,39,2009,8,6
2,35,31,13,19,6,40,2009,8,8
35,45,22,3,25,14,43,2009,8,13
48,17,39,26,13,42,15,2009,8,15
24,39,36,38,15,9,11,2009,8,20
14,22,8,3,49,37,31,2009,8,22
44,49,40,3,45,25,43,2009,8,27
28,11,32,41,37,6,27,2009,8,29
11,37,8,13,6,2,24,2009,9,3
11,40,9,37,29,8,7,2009,9,5
11,14,10,15,13,7,45,2009,9,10
25,12,17,24,43,26,45,2009,9,12
36,38,33,42,35,41,11,2009,9,17
2,31,1,16,3,22,28,2009,9,19
14,27,12,4,44,5,29,2009,9,24
43,32,45,35,11,48,18,2009,9,26
15,5,20,39,29,38,48,2009,10,1
42,27,35,20,47,3,32,2009,10,3
28,29,46,7,39,22,26,2009,10,8
14,18,20,9,35,3,2,2009,10,10
41,18,23,6,39,3,46,2009,10,15
46,44,31,3,49,15,28,2009,10,17
42,17,33,44,15,30,6,2009,10,22
27,21,7,25,28,16,1,2009,10,24
33,40,38,14,28,1,13,2009,10,29
46,2,24,19,34,42,12,2009,10,31
18,10,36,14,3,34,44,2009,11,5
47,48,15,33,30,40,31,2009,11,7
34,18,5,36,23,16,17,2009,11,12
31,30,6,36,47,21,35,2009,11,14
31,14,22,46,34,30,29,2009,11,19
14,42,48,21,17,15,11,2009,11,21
46,49,30,47,48,40,16,2009,11,26
45,9,46,10,47,38,19,2009,11,28
46,7,9,5,36,48,21,2009,12,3
44,9,2,8,16,13,5,2009,12,5
13,26,32,24,21,34,39,2009,12,10
28,48,10,4,21,23,29,2009,12,12
28,7,32,16,46,42,25,2009,12,17
25,43,9,49,42,44,28,2009,12,19
43,42,38,30,8,27,49,2009,12,24
45,26,38,5,34,2,33,2009,12,26
19,17,37,34,20,30,41,2009,12,31
48,15,24,1,43,4,28,2010,1,2
38,19,49,24,25,43,22,2010,1,7
31,13,43,26,30,29,40,2010,1,9
4,2,20,48,33,1,12,2010,1,14
47,34,5,8,19,35,14,2010,1,16
44,43,14,8,18,7,24,2010,1,21
33,13,28,40,11,9,22,2010,1,23
17,32,19,16,21,18,36,2010,1,28
8,48,26,1,40,5,33,2010,1,30
19,47,11,1,35,26,40,2010,2,4
21,5,17,42,19,7,2,2010,2,6
10,25,6,37,28,32,21,2010,2,11
20,17,19,6,30,15,48,2010,2,13
34,26,38,30,39,41,3,2010,2,18
18,45,13,33,20,14,35,2010,2,20
4,13,3,2,5,44,38,2010,2,25
7,22,27,3,24,44,30,2010,2,27
30,33,24,48,23,4,25,2010,3,4
29,14,31,20,32,7,35,2010,3,6
24,35,31,16,11,25,29,2010,3,11
22,47,8,11,33,31,30,2010,3,13
14,40,8,11,39,37,32,2010,3,18
14,46,22,10,37,4,25,2010,3,20
14,2,48,17,15,23,42,2010,3,25
28,25,23,15,1,5,18,2010,3,27
8,2,20,40,43,5,28,2010,4,1
43,27,3,21,39,12,7,2010,4,3
42,49,1,11,26,34,32,2010,4,8
28,29,44,5,38,45,3,2010,4,10
29,20,39,38,17,1,48,2010,4,15
21,3,37,18,13,27,36,2010,4,17
9,5,6,33,36,16,26,2010,4,22
11,5,2,38,3,39,27,2010,4,24
40,4,1,10,28,29,24,2010,4,29
42,10,28,36,39,4,48,2010,5,1
39,23,38,5,36,47,2,2010,5,6
13,5,24,1,28,14,17,2010,5,8
45,36,47,6,29,48,5,2010,5,13
36,10,27,26,42,35,14,2010,5,15
9,7,15,5,22,46,20,2010,5,20
48,5,49,39,12,15,35,2010,5,22
21,37,46,28,31,33,45,2010,5,27
48,22,33,43,9,37,18,2010,5,29
41,13,33,17,24,15,32,2010,6,3
41,3,12,20,28,42,38,2010,6,5
31,11,23,47,29,17,21,2010,6,10
36,8,15,1,25,20,24,2010,6,12
14,46,28,30,21,4,3,2010,6,17
34,18,7,20,37,3,9,2010,6,19
15,41,1,26,12,21,39,2010,6,24
33,12,6,19,43,15,37,2010,6,26
15,30,29,32,14,43,26,2010,7,1
12,31,6,13,11,20,29,2010,7,3
36,31,7,22,1,16,28,2010,7,8
42,34,38,32,45,23,14,2010,7,10
36,31,30,14,2,18,47,2010,7,15
25,18,29,14,46,27,30,2010,7,17
16,36,32,3,43,40,27,2010,7,22
28,2,42,37,8,17,44,2010,7,24
47,26,49,31,41,38,48,2010,7,29
13,43,27,24,29,15,14,2010,7,31
16,41,49,48,27,24,31,2010,8,5
30,10,13,28,20,15,35,2010,8,7
28,13,25,22,46,8,3,2010,8,12
37,22,28,40,14,41,23,2010,8,14
21,26,39,5,2,22,20,2010,8,19
7,10,8,2,49,39,32,2010,8,21
24,36,49,35,7,46,43,2010,8,26
38,18,44,14,32,40,48,2010,8,28
22,19,12,10,3,18,6,2010,9,2
15,49,27,33,45,2,11,2010,9,4
47,45,39,40,2,26,5,2010,9,9
41,18,25,8,30,2,9,2010,9,11
45,48,28,24,11,14,32,2010,9,16
36,44,6,10,21,48,38,2010,9,18
41,3,34,43,40,12,22,2010,9,23
49,34,2,11,43,47,41,2010,9,25
24,33,26,40,11,44,36,2010,9,30
11,48,18,25,35,27,22,2010,10,2
32,26,25,24,1,22,42,2010,10,7
12,37,36,44,15,20,24,2010,10,9
35,38,36,44,12,25,27,2010,10,14
9,26,14,39,48,11,25,2010,10,16
29,1,37,25,17,4,45,2010,10,21
10,20,7,30,40,8,27,2010,10,23
28,24,38,48,46,2,16,2010,10,28
22,32,16,6,33,49,36,2010,10,30
43,44,45,41,18,34,29,2010,11,4
3,28,15,7,22,31,33,2010,11,6
44,49,25,2,15,14,17,2010,11,11
8,25,47,26,36,42,19,2010,11,13
32,44,11,19,22,40,43,2010,11,18
2,30,26,40,7,8,28,2010,11,20
19,35,12,21,37,40,7,2010,11,25
6,35,9,7,22,2,23,2010,11,27
26,16,14,21,47,9,35,2010,12,2
8,38,27,33,22,6,1,2010,12,4
44,4,14,40,12,41,1,2010,12,9
3,37,7,18,26,44,24,2010,12,11
40,45,1,39,33,29,34,2010,12,16
23,19,20,7,45,28,49,2010,12,18
25,11,21,42,45,27,36,2010,12,23
37,21,11,8,22,44,18,2010,12,25
33,12,23,32,28,8,30,2010,12,30
6,21,9,10,23,25,45,2011,1,1
34,11,33,1,21,44,42,2011,1,6
38,42,6,11,18,7,10,2011,1,8
22,9,6,49,42,43,30,2011,1,13
13,14,11,16,36,15,27,2011,1,15
19,30,29,40,18,12,21,2011,1,20
38,26,49,5,19,13,39,2011,1,22
5,30,48,29,7,33,44,2011,1,27
29,30,2,17,37,40,21,2011,1,29
21,37,11,26,22,40,18,2011,2,3
11,20,27,30,2,13,49,2011,2,5
1,45,5,4,49,28,11,2011,2,10
35,47,48,46,17,29,1,2011,2,12
25,11,16,47,40,39,6,2011,2,17
49,24,16,43,5,6,36,2011,2,19
26,5,18,16,49,7,6,2011,2,24
45,44,32,6,5,30,11,2011,2,26
37,43,9,46,28,26,3,2011,3,3
48,24,36,3,34,35,31,2011,3,5
12,10,9,24,21,46,19,2011,3,10
38,2,30,14,45,33,27,2011,3,12
27,45,5,43,8,25,22,2011,3,17
34,10,49,1,17,15,46,2011,3,19
40,2,25,26,37,36,35,2011,3,24
43,28,10,35,44,45,3,2011,3,26
33,31,45,34,4,16,32,2011,3,31
34,14,8,39,48,10,12,2011,4,2
20,41,3,38,17,47,45,2011,4,7
33,7,18,45,19,32,37,2011,4,9
8,3,20,45,9,32,47,2011,4,14
29,37,12,17,36,45,34,2011,4,16
14,24,34,30,3,20,32,2011,4,21
22,27,18,47,37,44,24,2011,4,23
14,13,7,37,18,9,10,2011,4,28
18,22,3,49,23,34,8,2011,4,30
29,8,43,1,27,9,32,2011,5,5
23,24,30,37,2,31,39,2011,5,7
33,20,12,43,32,47,25,2011,5,12
39,4,27,40,36,11,8,2011,5,14
39,28,17,47,44,45,29,2011,5,19
47,48,35,19,23,11,37,2011,5,21
9,24,34,21,31,33,32,2011,5,26
20,44,12,32,18,14,35,2011,5,28
15,47,49,31,40,27,44,2011,6,2
34,5,32,22,4,46,18,2011,6,4
10,3,25,6,42,49,1,2011,6,9
35,40,45,2,43,42,32,2011,6,11
28,22,47,20,2,1,24,2011,6,16
41,11,4,40,22,21,33,2011,6,18
28,8,29,33,16,30,39,2011,6,23
11,20,28,39,17,31,21,2011,6,25
43,31,26,14,46,16,34,2011,6,30
34,1,3,21,35,13,30,2011,7,2
14,10,25,18,22,26,6,2011,7,7
15,22,4,30,6,40,13,2011,7,9
49,16,26,19,2,46,36,2011,7,14
38,32,16,33,35,19,4,2011,7,16
5,39,33,30,47,21,40,2011,7,21
24,34,12,13,3,30,35,2011,7,23
5,49,18,20,9,35,21,2011,7,28
6,27,44,29,35,18,46,2011,7,30
30,22,44,21,48,25,38,2011,8,4
15,45,43,16,49,31,28,2011,8,6
5,12,46,26,14,16,17,2011,8,11
15,5,9,47,38,2,1,2011,8,13
4,30,32,39,48,9,35,2011,8,18
24,47,39,7,46,19,3,2011,8,20
39,23,28,35,38,10,25,2011,8,25
49,7,39,24,29,20,48,2011,8,27
5,4,43,8,12,15,14,2011,9,1
8,21,1,32,33,3,34,2011,9,3
38,12,19,5,46,7,20,2011,9,8
3,47,30,45,22,8,44,2011,9,10
20,36,38,17,11,40,13,2011,9,15
24,2,25,6,12,33,48,2011,9,17
33,8,39,32,35,22,28,2011,9,22
30,44,27,42,6,34,18,2011,9,24
47,37,31,29,27,7,24,2011,9,29
37,10,33,9,46,38,39,2011,10,1
18,36,4,27,43,14,32,2011,10,6
23,47,17,42,49,40,5,2011,10,8
19,40,25,31,18,41,13,2011,10,13
18,16,29,32,31,4,1,2011,10,15
1,18,42,30,44,32,8,2011,10,20
19,47,36,32,30,16,11,2011,10,22
24,9,32,20,11,8,31,2011,10,27
35,13,18,26,49,47,19,2011,10,29
33,41,27,11,40,21,15,2011,11,3
23,32,11,30,7,34,19,2011,11,5
45,8,37,41,39,11,5,2011,11,10
5,45,35,40,33,46,13,2011,11,12
13,5,45,46,16,28,43,2011,11,17
10,24,21,9,28,13,17,2011,11,19
23,8,6,31,33,40,39,2011,11,24
32,29,49,24,18,39,10,2011,11,26
15,32,18,45,26,2,19,2011,12,1
11,49,19,10,25,13,46,2011,12,3
30,22,15,11,18,49,33,2011,12,8
48,44,30,46,31,1,6,2011,12,10
44,10,1,23,5,9,26,2011,12,15
32,41,46,47,21,6,2,2011,12,17
39,3,31,20,44,10,26,2011,12,22
23,22,44,27,16,43,18,2011,12,24
22,40,41,43,33,23,47,2011,12,29
17,47,44,13,21,15,18,2011,12,31
28,22,4,46,25,37,3,2012,1,5
41,38,12,29,17,19,35,2012,1,7
2,31,10,19,24,5,13,2012,1,12
47,40,27,18,33,48,21,2012,1,14
18,43,31,26,22,30,10,2012,1,19
25,32,38,46,48,35,28,2012,1,21
33,29,23,15,39,47,42,2012,1,26
44,2,47,11,25,22,37,2012,1,28
13,3,46,9,24,40,17,2012,2,2
45,21,47,9,38,12,34,2012,2,4
49,32,20,28,24,3,10,2012,2,9
9,6,34,16,19,7,5,2012,2,11
14,28,22,9,35,42,16,2012,2,16
34,19,21,30,48,5,12,2012,2,18
1,33,47,30,23,46,44,2012,2,23
45,27,2,3,41,11,9,2012,2,25
31,26,29,35,38,39,17,2012,3,1
18,39,49,13,32,23,25,2012,3,3
17,1,46,21,36,6,35,2012,3,8
22,30,10,23,19,35,4,2012,3,10
23,7,17,34,2,46,36,2012,3,15
25,10,24,37,30,28,11,2012,3,17
1,4,18,26,31,10,28,2012,3,22
47,31,8,43,18,29,15,2012,3,24
48,4,10,13,39,26,43,2012,3,29
34,12,17,36,8,18,19,2012,3,31
20,4,9,28,41,11,31,2012,4,5
38,24,17,28,10,42,43,2012,4,7
20,9,3,48,22,35,32,2012,4,12
5,6,46,10,40,18,11,2012,4,14
45,7,23,35,8,30,4,2012,4,19
18,41,35,11,24,31,16,2012,4,21
41,18,40,45,27,30,5,2012,4,26
43,7,15,45,23,19,16,2012,4,28
5,35,7,43,1,22,40,2012,5,3
19,33,15,49,26,23,39,2012,5,5
1,37,48,24,11,17,15,2012,5,10
27,13,19,5,44,25,49,2012,5,12
40,2,6,39,45,15,30,2012,5,17
44,42,13,1,49,7,45,2012,5,19
45,17,43,42,13,48,18,2012,5,24
16,2,27,1,33,30,44,2012,5,26
40,6,4,49,48,38,44,2012,5,31
33,21,6,7,44,26,12,2012,6,2
37,4,26,17,28,31,20,2012,6,7
9,42,22,6,44,31,17,2012,6,9
9,26,21,14,7,42,1,2012,6,14
4,7,20,6,35,44,19,2012,6,16
41,37,39,35,32,33,29,2012,6,21
26,21,14,17,40,7,35,2012,6,23
47,42,29,14,25,40,37,2012,6,28
10,17,24,37,40,43,3,2012,6,30
26,29,16,20,12,10,37,2012,7,5
31,34,38,44,3,15,22,2012,7,7
47,31,49,40,21,42,24,2012,7,12
40,41,9,45,7,4,10,2012,7,14
40,36,19,13,12,29,37,2012,7,19
37,21,10,40,30,6,35,2012,7,21
31,10,48,30,28,25,7,2012,7,26
49,27,18,30,24,16,11,2012,7,28
28,3,14,4,30,1,43,2012,8,2
10,1,16,6,20,18,21,2012,8,4
19,31,39,18,43,40,4,2012,8,9
44,20,17,1,14,31,10,2012,8,11
11,25,47,14,28,1,49,2012,8,16
39,48,16,40,11,27,45,2012,8,18
24,13,3,20,48,10,38,2012,8,23
45,39,34,41,17,19,22,2012,8,25
39,2,1,12,23,15,22,2012,8,30
45,18,40,43,10,34,19,2012,9,1
41,44,3,37,21,24,29,2012,9,6
10,44,49,7,5,8,34,2012,9,8
40,12,33,9,7,11,27,2012,9,13
48,1,27,47,42,3,28,2012,9,15
29,5,35,12,38,6,25,2012,9,20
20,33,45,16,31,34,10,2012,9,22
10,45,42,5,2,31,11,2012,9,27
34,45,2,23,38,9,15,2012,9,29
5,43,6,47,7,27,9,2012,10,4
15,26,6,5,9,41,8,2012,10,6
40,9,16,15,31,23,29,2012,10,11
2,24,13,38,14,35,33,2012,10,13
2,9,1,31,17,5,30,2012,10,18
43,44,6,29,3,41,46,2012,10,20
44,14,26,20,30,7,22,2012,10,25
38,25,26,49,41,1,3,2012,10,27
12,36,29,8,34,7,24,2012,11,1
18,39,4,21,19,10,45,2012,11,3
12,43,5,23,38,7,19,2012,11,8
21,3,15,46,10,12,29,2012,11,10
18,29,47,20,33,9,40,2012,11,15
30,10,6,42,1,49,38,2012,11,17
47,10,18,45,42,17,6,2012,11,22
9,32,19,14,22,8,43,2012,11,24
20,11,16,23,41,2,35,2012,11,29
22,6,31,19,24,30,21,2012,12,1
4,12,15,10,29,14,44,2012,12,6
21,17,37,33,8,7,39,2012,12,8
26,39,15,43,13,41,25,2012,12,13
34,36,44,8,4,37,14,2012,12,15
36,22,47,12,21,49,38,2012,12,20
40,2,35,27,29,34,48,2012,12,22
5,49,2,31,43,33,47,2012,12,27
21,2,10,7,3,38,12,2012,12,29
3,15,38,23,26,34,16,2013,1,3
48,11,4,9,38,1,26,2013,1,5
44,32,34,46,29,42,26,2013,1,10
20,37,29,19,2,3,1,2013,1,12
43,49,23,41,30,1,10,2013,1,17
25,34,5,8,44,37,1,2013,1,19
43,24,16,1,29,31,6,2013,1,24
47,36,32,10,22,35,18,2013,1,26
13,24,9,32,3,49,27,2013,1,31
8,7,34,47,33,31,6,2013,2,2
44,24,47,12,2,6,48,2013,2,7
24,1,15,3,43,44,23,2013,2,9
22,34,39,2,1,35,46,2013,2,14
16,4,22,30,15,41,29,2013,2,16
36,14,17,13,38,41,15,2013,2,21
46,38,44,45,16,6,28,2013,2,23
29,22,27,14,26,23,28,2013,2,28
4,7,6,18,39,12,32,2013,3,2
23,36,37,29,48,25,19,2013,3,7
22,5,8,24,44,28,40,2013,3,9
24,45,39,15,30,10,17,2013,3,14
15,1,7,17,12,13,31,2013,3,16
44,27,37,13,15,7,6,2013,3,21
32,17,16,41,42,31,33,2013,3,23
45,39,33,13,15,18,26,2013,3,28
1,39,9,24,29,13,25,2013,3,30
1,29,3,11,9,31,14,2013,4,4
20,1,30,38,43,16,28,2013,4,6
4,6,40,21,33,26,11,2013,4,11
46,16,9,12,14,38,32,2013,4,13
32,22,40,38,29,6,47,2013,4,18
48,22,4,10,35,17,38,2013,4,20
21,35,47,5,32,4,15,2013,4,25
23,6,36,10,16,1,15,2013,4,27
32,8,16,42,21,40,35,2013,5,2
10,12,2,21,40,37,36,2013,5,4
46,44,45,16,12,15,7,2013,5,9
21,26,14,9,42,25,29,2013,5,11
12,38,48,28,24,18,32,2013,5,16
34,17,9,45,16,44,37,2013,5,18
36,14,31,38,44,3,2,2013,5,23
30,9,24,49,37,42,18,2013,5,25
10,3,39,34,13,38,29,2013,5,30
42,6,26,12,7,18,37,2013,6,1
21,30,31,6,39,36,16,2013,6,6
38,10,26,39,17,47,20,2013,6,8
41,16,27,49,45,11,1,2013,6,13
1,35,44,10,39,30,19,2013,6,15
35,46,18,14,37,47,30,2013,6,20
39,28,35,1,30,13,15,2013,6,22
36,4,21,19,3,20,29,2013,6,27
9,17,38,23,4,34,43,2013,6,29
16,4,14,41,12,39,42,2013,7,4
10,27,14,36,35,8,18,2013,7,6
26,38,36,5,29,45,23,2013,7,11
1,23,4,17,2,31,27,2013,7,13
36,20,40,45,35,34,46,2013,7,18
4,31,27,22,33,26,3,2013,7,20
23,11,8,10,38,28,44,2013,7,25
26,49,6,31,7,23,34,2013,7,27
45,40,21,26,10,33,15,2013,8,1
3,14,2,7,1,20,18,2013,8,3
8,48,16,32,22,23,18,2013,8,8
12,21,29,35,38,4,30,2013,8,10
1,37,43,32,17,45,34,2013,8,15
25,13,49,20,28,15,40,2013,8,17
8,36,3,9,1,29,31,2013,8,22
11,7,9,18,15,3,49,2013,8,24
6,33,35,38,12,45,24,2013,8,29
35,30,7,34,46,31,24,2013,8,31
47,7,49,45,10,37,38,2013,9,5
8,30,25,14,1,36,24,2013,9,7
10,38,24,27,48,45,34,2013,9,12
35,17,34,11,41,19,18,2013,9,14
15,48,34,14,37,30,45,2013,9,19
10,21,24,36,6,33,32,2013,9,21
20,37,36,23,28,29,26,2013,9,26
29,4,28,33,42,47,10,2013,9,28
20,17,8,37,29,35,9,2013,10,3
6,23,7,49,12,37,40,2013,10,5
6,5,46,48,40,45,19,2013,10,10
13,41,7,30,19,33,10,2013,10,12
14,48,30,11,21,2,26,2013,10,17
22,48,32,29,20,45,37,2013,10,19
47,22,34,10,38,37,18,2013,10,24
8,9,12,20,34,41,25,2013,10,26
39,7,33,40,36,35,14,2013,10,31
7,26,45,32,44,5,35,2013,11,2
32,33,37,30,42,28,39,2013,11,7
40,2,32,11,27,35,4,2013,11,9
42,2,9,48,20,39,3,2013,11,14
31,1,32,10,34,45,41,2013,11,16
44,7,43,47,9,34,27,2013,11,21
23,46,39,15,12,7,49,2013,11,23
28,37,15,12,42,49,47,2013,11,28
34,28,20,45,35,17,26,2013,11,30
1,4,26,36,5,2,24,2013,12,5
15,16,12,19,20,39,30,2013,12,7
28,30,44,43,24,13,23,2013,12,12
27,23,16,41,12,28,31,2013,12,14
16,33,23,38,49,47,46,2013,12,19
40,4,37,43,9,38,44,2013,12,21
36,32,31,25,12,49,28,2013,12,26
1,19,38,43,33,47,3,2013,12,28
37,42,35,21,33,41,38,2014,1,2
18,13,45,43,11,16,49,2014,1,4
32,41,13,45,30,15,43,2014,1,9
16,9,43,35,27,46,34,2014,1,11
13,9,12,48,29,7,46,2014,1,16
24,27,1,36,46,3,12,2014,1,18
49,34,47,24,5,45,14,2014,1,23
7,6,34,49,21,3,35,2014,1,25
41,2,18,33,3,36,4,2014,1,30
31,27,28,13,34,9,11,2014,2,1
36,4,32,46,37,23,3,2014,2,6
29,22,7,4,40,30,33,2014,2,8
46,45,15,34,18,1,20,2014,2,13
35,36,17,49,48,31,21,2014,2,15
49,27,1,34,4,17,13,2014,2,20
39,25,15,44,4,30,31,2014,2,22
38,29,31,36,10,46,8,2014,2,27
20,19,2,26,21,17,41,2014,3,1
38,33,27,41,2,12,1,2014,3,6
23,43,11,31,20,28,27,2014,3,8
3,12,23,25,43,22,9,2014,3,13
14,20,37,13,19,5,44,2014,3,15
7,49,14,4,15,12,32,2014,3,20
34,12,32,27,18,7,25,2014,3,22
5,32,29,11,37,22,8,2014,3,27
30,14,43,6,41,49,36,2014,3,29
13,18,22,41,48,15,6,2014,4,3
13,9,30,45,36,37,16,2014,4,5
17,24,5,6,32,12,18,2014,4,10
27,22,24,19,13,4,1,2014,4,12
9,14,23,11,28,47,15,2014,4,17
17,40,45,29,11,27,44,2014,4,19
26,12,42,48,3,19,22,2014,4,24
9,18,1,38,2,48,6,2014,4,26
44,33,9,27,23,38,37,2014,5,1
4,14,5,45,16,49,37,2014,5,3
14,11,26,38,22,44,42,2014,5,8
37,33,15,17,23,5,16,2014,5,10
28,14,3,18,45,23,37,2014,5,15
7,3,37,47,49,33,6,2014,5,17
36,13,22,7,26,49,15,2014,5,22
47,36,33,38,21,45,8,2014,5,24
49,12,5,3,46,34,27,2014,5,29
42,30,4,12,43,14,36,2014,5,31
16,19,20,48,10,15,28,2014,6,5
22,19,17,29,20,13,25,2014,6,7
47,32,31,24,30,43,7,2014,6,12
40,6,41,43,19,5,26,2014,6,14
9,8,12,44,2,47,36,2014,6,19
39,3,6,49,36,35,24,2014,6,21
49,17,41,5,14,42,2,2014,6,26
18,30,45,46,15,39,41,2014,6,28
15,39,6,7,1,35,44,2014,7,3
14,3,45,6,41,43,10,2014,7,5
29,18,17,40,11,38,24,2014,7,10
27,43,12,20,11,9,34,2014,7,12
23,37,4,28,26,18,21,2014,7,17
47,12,37,3,21,42,38,2014,7,19
33,10,26,47,34,21,36,2014,7,24
2,6,9,17,45,16,23,2014,7,26
42,40,2,46,18,43,45,2014,7,31
49,45,2,44,37,32,14,2014,8,2
40,36,20,16,28,44,12,2014,8,7
24,39,22,8,2,4,37,2014,8,9
26,19,25,16,33,46,49,2014,8,14
46,41,7,38,19,43,25,2014,8,16
6,43,21,2,8,26,18,2014,8,21
18,28,32,27,45,3,23,2014,8,23
23,39,37,46,27,30,6,2014,8,28
9,24,12,40,19,32,4,2014,8,30
37,23,17,30,29,31,41,2014,9,4
33,44,31,2,22,12,36,2014,9,6
5,24,2,7,9,20,46,2014,9,11
3,44,18,13,38,12,34,2014,9,13
24,30,17,5,26,44,7,2014,9,18
8,24,33,14,49,28,25,2014,9,20
37,8,49,18,47,12,6,2014,9,25
13,1,18,14,10,24,4,2014,9,27
29,17,24,43,31,33,27,2014,10,2
30,10,28,39,24,11,6,2014,10,4
38,7,4,42,39,14,36,2014,10,9
34,41,5,8,39,30,1,2014,10,11
24,31,41,36,15,29,45,2014,10,16
25,26,28,31,30,40,11,2014,10,18
41,15,30,22,4,32,19,2014,10,23
35,8,37,23,36,15,44,2014,10,25
10,22,41,34,39,28,11,2014,10,30
40,20,48,26,38,33,14,2014,11,1
5,18,22,30,3,25,33,2014,11,6
37,17,4,35,32,33,29,2014,11,8
31,34,32,2,3,39,42,2014,11,13
30,2,11,42,49,48,25,2014,11,15
43,9,46,31,28,36,21,2014,11,20
25,31,10,26,9,8,45,2014,11,22
33,37,22,42,8,2,13,2014,11,27
2,8,32,37,29,25,21,2014,11,29
23,35,9,34,18,22,25,2014,12,4
15,3,10,11,37,21,41,2014,12,6
38,44,49,16,2,36,8,2014,12,11
42,1,25,27,36,39,14,2014,12,13
43,36,31,18,41,8,10,2014,12,18
22,20,34,12,26,40,16,2014,12,20
30,39,32,37,44,6,31,2014,12,25
33,10,47,1,23,21,18,2014,12,27
23,49,32,34,11,16,45,2015,1,1
25,21,30,1,28,22,6,2015,1,3
10,38,2,43,40,3,42,2015,1,8
41,27,37,42,49,18,20,2015,1,10
4,43,13,12,24,35,44,2015,1,15
30,22,13,48,29,20,4,2015,1,17
38,44,20,18,14,25,34,2015,1,22
16,37,36,7,47,14,29,2015,1,24
31,11,43,25,6,12,28,2015,1,29
48,23,38,13,42,8,31,2015,1,31
4,49,34,7,46,32,6,2015,2,5
30,21,38,28,42,12,47,2015,2,7
37,29,49,35,13,41,21,2015,2,12
4,44,33,1,47,12,27,2015,2,14
20,13,24,38,11,35,46,2015,2,19
9,14,24,12,40,37,7,2015,2,21
20,5,30,18,22,37,42,2015,2,26
23,30,8,7,48,22,39,2015,2,28
5,21,28,24,44,2,30,2015,3,5
20,1,45,43,8,9,36,2015,3,7
43,19,30,34,45,18,10,2015,3,12
39,32,34,9,8,47,35,2015,3,14
1,27,15,11,30,23,46,2015,3,19
11,4,23,5,40,44,19,2015,3,21
38,23,49,46,35,11,2,2015,3,26
2,38,1,17,49,7,22,2015,3,28
30,14,18,5,48,46,1,2015,4,2
11,27,21,33,15,16,24,2015,4,4
4,8,46,13,16,39,35,2015,4,9
23,28,24,9,41,35,8,2015,4,11
37,31,38,47,7,32,20,2015,4,16
17,4,38,6,18,36,15,2015,4,18
14,2,23,31,49,16,21,2015,4,23
47,33,43,3,48,29,38,2015,4,25
38,8,1,40,32,10,12,2015,4,30
13,39,7,49,48,36,25,2015,5,2
47,14,35,45,11,9,27,2015,5,7
41,36,49,20,30,6,4,2015,5,9
3,49,29,22,12,8,13,2015,5,14
20,44,2,18,43,35,15,2015,5,16
33,8,49,9,30,18,7,2015,5,21
42,2,6,4,31,39,33,2015,5,23
36,47,41,49,48,16,31,2015,5,28
40,35,17,27,20,29,36,2015,5,30
13,3,10,47,30,33,27,2015,6,4
41,36,3,28,30,31,49,2015,6,6
15,25,21,38,11,44,2,2015,6,11
24,37,40,46,41,43,47,2015,6,13
24,19,39,14,43,11,42,2015,6,18
31,17,21,41,34,9,39,2015,6,20
8,42,11,1,7,2,32,2015,6,25
32,26,8,16,1,10,15,2015,6,27
46,32,18,21,36,45,25,2015,7,2
49,45,18,46,28,19,35,2015,7,4
43,14,7,25,15,6,12,2015,7,9
22,23,30,12,44,20,11,2015,7,11
4,7,2,3,21,38,24,2015,7,16
24,46,45,41,30,1,20,2015,7,18
12,20,45,28,39,36,31,2015,7,23
25,6,4,16,12,43,18,2015,7,25
32,13,19,8,46,4,43,2015,7,30
28,9,31,20,1,16,25,2015,8,1
10,39,14,33,46,17,3,2015,8,6
25,13,3,9,15,28,21,2015,8,8
11,30,29,25,26,19,3,2015,8,13
19,39,40,24,42,12,44,2015,8,15
23,10,12,39,3,35,43,2015,8,20
33,1,16,25,28,38,27,2015,8,22
39,32,42,8,24,13,18,2015,8,27
48,41,1,6,47,49,45,2015,8,29
7,15,3,38,37,46,42,2015,9,3
5,17,21,23,46,42,29,2015,9,5
30,26,22,28,11,19,17,2015,9,10
9,14,44,19,48,43,3,2015,9,12
23,39,42,17,16,24,37,2015,9,17
29,12,2,37,16,3,36,2015,9,19
5,19,27,46,11,34,47,2015,9,24
26,19,49,18,35,46,11,2015,9,26
45,17,49,39,30,11,33,2015,10,1
48,19,21,1,45,28,17,2015,10,3
37,30,12,40,14,21,39,2015,10,8
22,23,30,11,26,7,4,2015,10,10
38,46,21,1,7,27,41,2015,10,15
2,44,22,11,21,1,15,2015,10,17
41,27,3,21,2,8,15,2015,10,22
33,47,15,1,46,20,40,2015,10,24
25,33,36,41,27,45,17,2015,10,29
48,38,13,16,30,24,15,2015,10,31
41,1,35,6,25,36,20,2015,11,5
4,3,24,20,29,49,5,2015,11,7
23,46,10,25,40,31,24,2015,11,12
40,14,32,13,15,49,8,2015,11,14
25,47,48,40,15,11,6,2015,11,19
38,40,6,2,46,29,19,2015,11,21
1,13,19,18,45,39,16,2015,11,26
6,20,30,22,47,46,42,2015,11,28
44,24,23,20,12,48,1,2015,12,3
11,14,13,2,28,46,21,2015,12,5
33,21,42,32,38,22,17,2015,12,10
30,10,36,47,45,22,32,2015,12,12
28,38,49,11,34,46,16,2015,12,17
16,35,15,8,7,34,42,2015,12,19
39,26,18,3,37,42,19,2015,12,24
15,20,47,41,12,43,3,2015,12,26
33,42,37,30,41,5,24,2015,12,31
5,6,10,29,37,8,35,2016,1,2
31,38,24,41,46,15,32,2016,1,7
4,17,12,10,47,14,9,2016,1,9
46,40,11,49,4,19,45,2016,1,14
12,32,19,48,17,27,26,2016,1,16
24,4,19,37,15,17,21,2016,1,21
27,24,32,45,6,10,18,2016,1,23
44,6,33,37,23,30,10,2016,1,28
2,11,33,46,37,6,49,2016,1,30
39,40,22,5,33,3,32,2016,2,4
11,46,20,38,6,26,21,2016,2,6
12,34,2,46,18,37,30,2016,2,11
30,43,34,27,46,49,14,2016,2,13
35,47,28,3,10,49,8,2016,2,18
17,11,41,45,3,47,10,2016,2,20
34,26,17,11,13,48,19,2016,2,25
11,5,35,32,20,43,26,2016,2,27
2,43,29,13,14,45,46,2016,3,3
38,45,7,6,11,28,33,2016,3,5
3,32,49,24,31,8,15,2016,3,10
40,27,12,37,17,23,29,2016,3,12
44,8,36,11,12,18,43,2016,3,17
35,45,21,44,1,12,17,2016,3,19
12,23,40,1,13,43,48,2016,3,24
43,21,48,19,32,28,9,2016,3,26
26,27,1,8,10,12,6,2016,3,31
40,15,7,27,6,32,43,2016,4,2
44,28,22,38,1,11,40,2016,4,7
25,1,30,29,40,17,2,2016,4,9
27,48,31,2,29,11,4,2016,4,14
2,32,3,40,16,12,23,2016,4,16
31,1,25,2,44,6,49,2016,4,21
40,26,6,8,5,39,2,2016,4,23
33,35,3,43,44,10,20,2016,4,28
31,48,41,4,43,13,34,2016,4,30
49,8,42,46,26,48,40,2016,5,5
21,5,4,36,18,16,23,2016,5,7
23,18,42,44,25,22,7,2016,5,12
34,10,35,22,12,5,18,2016,5,14
48,30,40,45,1,43,2,2016,5,19
7,15,13,10,38,35,39,2016,5,21
23,47,3,13,11,32,19,2016,5,26
41,20,28,46,30,36,2,2016,5,28
46,27,38,47,35,45,23,2016,6,2
16,20,41,14,1,11,10,2016,6,4
25,41,14,10,2,9,3,2016,6,9
17,38,46,26,36,37,20,2016,6,11
9,19,49,15,21,8,44,2016,6,16
2,16,14,44,10,27,24,2016,6,18
33,9,20,21,41,16,26,2016,6,23
19,22,37,34,6,21,16,2016,6,25
1,30,43,31,41,6,33,2016,6,30
15,14,16,40,4,18,30,2016,7,2
20,7,23,34,29,15,4,2016,7,7
40,45,37,4,5,41,13,2016,7,9
10,41,17,36,26,3,11,2016,7,14
12,16,43,32,45,28,19,2016,7,16
22,36,47,42,5,4,6,2016,7,21
25,36,46,12,6,11,20,2016,7,23
2,20,10,40,6,38,45,2016,7,28
34,28,30,11,32,24,25,2016,7,30
28,21,14,8,5,12,27,2016,8,4
30,47,17,43,39,12,32,2016,8,6
20,34,11,40,31,13,24,2016,8,11
40,24,33,45,10,13,32,2016,8,13
33,39,37,9,14,22,46,2016,8,18
26,34,17,2,11,40,22,2016,8,20
26,7,35,10,40,16,49,2016,8,25
32,45,14,9,6,36,10,2016,8,27
31,35,17,48,19,21,4,2016,9,1
30,31,14,4,44,34,20,2016,9,3
5,4,46,29,42,7,43,2016,9,8
24,44,38,34,39,28,6,2016,9,10
40,14,24,7,35,34,25,2016,9,15
20,14,32,22,8,28,45,2016,9,17
49,42,9,43,15,18,41,2016,9,22
45,42,4,9,48,21,27,2016,9,24
42,14,8,28,40,39,49,2016,9,29
16,42,20,2,35,7,10,2016,10,1
30,41,26,19,3,23,13,2016,10,6
9,49,29,4,20,41,24,2016,10,8
18,1,36,21,32,5,45,2016,10,13
49,27,43,1,22,42,8,2016,10,15
21,18,5,7,20,15,17,2016,10,20
31,13,15,43,12,32,6,2016,10,22
4,23,2,22,35,32,21,2016,10,27
38,26,4,16,14,47,22,2016,10,29
30,29,46,21,12,44,45,2016,11,3
14,7,49,4,30,46,29,2016,11,5
48,22,28,2,8,15,29,2016,11,10
33,5,47,22,48,26,4,2016,11,12
2,30,16,21,9,31,34,2016,11,17
48,39,15,46,6,14,41,2016,11,19
1,6,10,14,46,34,24,2016,11,24
15,28,19,20,3,14,47,2016,11,26
40,30,45,22,42,33,31,2016,12,1
3,5,13,43,8,21,46,2016,12,3
44,21,7,12,46,13,1,2016,12,8
37,47,9,15,49,25,40,2016,12,10
38,31,16,21,17,26,3,2016,12,15
35,31,45,34,11,18,32,2016,12,17
17,49,39,31,28,47,4,2016,12,22
36,26,40,29,34,31,49,2016,12,24
45,38,19,7,33,28,10,2016,12,29
14,36,29,2,3,40,46,2016,12,31
23,3,49,12,9,27,36,2017,1,5
33,28,49,36,32,12,23,2017,1,7
6,36,48,10,32,34,15,2017,1,12
2,10,6,43,3,25,42,2017,1,14
32,48,6,39,1,23,46,2017,1,19
9,4,15,29,37,45,1,2017,1,21
13,20,32,24,15,38,1,2017,1,26
10,24,47,35,8,22,14,2017,1,28
5,28,17,27,4,24,45,2017,2,2
32,8,42,39,31,26,18,2017,2,4
18,33,37,45,5,30,8,2017,2,9
40,22,47,4,36,43,5,2017,2,11
25,16,3,40,35,29,5,2017,2,16
5,21,15,19,39,29,43,2017,2,18
48,12,27,17,42,11,5,2017,2,23
27,9,2,48,36,13,28,2017,2,25
42,43,25,29,41,22,34,2017,3,2
17,26,25,48,38,8,4,2017,3,4
44,3,30,36,4,24,21,2017,3,9
37,1,43,28,39,22,44,2017,3,11
38,4,39,49,41,45,47,2017,3,16
3,14,28,43,5,21,23,2017,3,18
49,35,39,25,29,16,17,2017,3,23
7,11,36,37,40,35,8,2017,3,25
42,13,33,35,20,48,10,2017,3,30
18,8,22,26,6,36,13,2017,4,1
25,29,7,16,28,15,4,2017,4,6
48,40,47,44,19,3,24,2017,4,8
20,14,41,24,47,2,36,2017,4,13
6,24,35,30,14,48,4,2017,4,15
28,21,11,16,46,22,25,2017,4,20
16,1,26,11,47,45,41,2017,4,22
26,11,44,33,32,10,28,2017,4,27
3,46,24,35,12,22,26,2017,4,29
17,11,9,23,28,36,20,2017,5,4
27,22,34,26,31,1,28,2017,5,6
19,28,20,39,6,31,35,2017,5,11
9,28,29,3,41,42,6,2017,5,13
27,19,8,15,47,16,10,2017,5,18
24,25,36,32,10,31,48,2017,5,20
42,21,32,18,28,34,7,2017,5,25
26,25,29,30,18,39,44,2017,5,27
10,29,37,26,7,33,6,2017,6,1
9,13,12,22,23,43,40,2017,6,3
34,19,20,25,32,33,24,2017,6,8
19,29,22,35,45,18,4,2017,6,10
20,7,11,30,3,22,41,2017,6,15
3,21,43,16,13,28,24,2017,6,17
37,15,30,38,3,41,8,2017,6,22
14,30,40,21,11,39,29,2017,6,24
49,35,20,40,1,11,16,2017,6,29
26,22,30,27,31,12,29,2017,7,1
29,20,3,9,49,5,46,2017,7,6
3,21,39,16,26,25,48,2017,7,8
40,27,6,8,12,1,42,2017,7,13
23,46,42,47,32,11,8,2017,7,15
5,46,43,35,3,22,41,2017,7,20
37,38,27,40,21,18,20,2017,7,22
2,1,27,49,39,5,40,2017,7,27
20,43,47,35,23,44,16,2017,7,29
27,34,13,17,20,33,31,2017,8,3
26,10,44,49,17,6,21,2017,8,5
20,26,6,45,38,9,33,2017,8,10
25,17,9,46,19,29,40,2017,8,12
8,45,48,19,17,49,43,2017,8,17
17,35,2,43,48,37,34,2017,8,19
7,35,40,38,10,12,49,2017,8,24
23,28,7,42,49,19,16,2017,8,26
4,41,20,35,15,39,30,2017,8,31
37,4,1,40,18,49,3,2017,9,2
14,26,1,18,37,19,34,2017,9,7
10,20,44,21,37,1,23,2017,9,9
7,18,16,36,4,23,26,2017,9,14
10,1,44,25,7,5,4,2017,9,16
20,23,48,14,26,15,10,2017,9,21
37,15,41,18,23,9,43,2017,9,23
33,13,18,28,30,29,17,2017,9,28
31,4,42,35,6,33,46,2017,9,30
48,26,5,23,33,12,31,2017,10,5
47,45,23,1,41,20,22,2017,10,7
9,20,37,31,7,47,18,2017,10,12
47,35,23,16,26,45,19,2017,10,14
11,41,7,42,16,31,17,2017,10,19
34,22,6,40,5,17,35,2017,10,21
6,25,17,2,49,37,30,2017,10,26
35,38,21,17,3,37,18,2017,10,28
12,19,34,45,47,48,29,2017,11,2
48,42,25,47,19,27,24,2017,11,4
9,10,1,12,49,27,41,2017,11,9
6,45,24,43,8,22,11,2017,11,11
41,13,11,10,5,23,37,2017,11,16
44,12,29,3,31,7,46,2017,11,18
11,45,43,35,9,3,33,2017,11,23
21,34,31,46,29,32,38,2017,11,25
29,20,30,9,5,6,8,2017,11,30
19,3,47,16,22,11,38,2017,12,2
1,4,14,45,3,7,18,2017,12,7
47,5,33,40,38,32,34,2017,12,9
35,48,28,31,25,44,47,2017,12,14
16,19,49,45,28,48,17,2017,12,16
45,35,15,36,3,27,16,2017,12,21
30,39,46,24,26,4,6,2017,12,23
28,21,34,5,26,3,42,2017,12,28
11,21,42,44,9,8,22,2017,12,30
24,6,35,13,42,9,16,2018,1,4
33,42,40,19,48,28,38,2018,1,6
32,24,29,46,15,36,44,2018,1,11
44,31,7,22,38,6,40,2018,1,13
11,12,37,49,22,28,24,2018,1,18
23,47,39,28,36,15,29,2018,1,20
3,6,40,25,32,31,20,2018,1,25
8,14,7,10,27,48,42,2018,1,27
42,1,4,49,46,38,35,2018,2,1
33,40,26,1,11,9,27,2018,2,3
42,32,19,24,18,12,30,2018,2,8
7,12,22,10,19,45,2,2018,2,10
1,22,21,2,27,47,24,2018,2,15
31,22,18,38,9,19,17,2018,2,17
34,35,4,8,11,23,2,2018,2,22
43,45,4,12,27,5,40,2018,2,24
36,22,6,28,17,9,7,2018,3,1
14,24,5,49,28,36,21,2018,3,3
9,31,15,12,2,26,16,2018,3,8
18,20,49,4,30,25,16,2018,3,10
20,5,22,29,9,11,33,2018,3,15
43,37,35,36,8,21,39,2018,3,17
34,48,7,24,1,36,29,2018,3,22
23,17,18,27,48,21,6,2018,3,24
15,38,17,2,19,26,33,2018,3,29
14,24,26,41,22,31,39,2018,3,31
49,23,31,11,16,47,26,2018,4,5
40,24,25,43,34,41,6,2018,4,7
34,12,18,41,35,7,48,2018,4,12
17,3,24,22,20,34,4,2018,4,14
45,19,43,46,10,33,32,2018,4,19
42,17,43,8,19,29,40,2018,4,21
36,11,4,25,49,40,26,2018,4,26
35,7,25,39,37,31,42,2018,4,28
40,28,2,17,35,18,16,2018,5,3
26,32,34,1,33,19,25,2018,5,5
22,23,11,1,39,38,7,2018,5,10
15,9,37,23,3,27,11,2018,5,12
26,24,23,25,35,32,22,2018,5,17
8,31,33,5,32,20,28,2018,5,19
28,1,31,40,34,35,46,2018,5,24
30,39,36,26,13,35,11,2018,5,26
11,16,17,44,7,2,14,2018,5,31
10,41,12,32,7,38,27,2018,6,2
1,25,28,17,44,9,21,2018,6,7
13,26,35,29,9,2,24,2018,6,9
40,35,41,18,49,7,33,2018,6,14
18,30,43,29,9,11,10,2018,6,16
38,34,48,46,1,12,36,2018,6,21
8,7,21,9,24,25,4,2018,6,23
32,38,49,28,15,31,12,2018,6,28
44,30,37,16,14,5,23,2018,6,30
11,13,31,47,49,32,1,2018,7,5
42,6,44,11,10,9,21,2018,7,7
47,32,25,20,10,26,2,2018,7,12
40,2,12,16,27,18,33,2018,7,14
4,49,9,39,5,22,28,2018,7,19
18,33,24,2,36,28,47,2018,7,21
32,40,25,13,38,31,15,2018,7,26
2,12,46,10,43,20,40,2018,7,28
10,38,25,18,49,37,32,2018,8,2
35,48,37,15,6,45,49,2018,8,4
12,46,17,15,37,4,16,2018,8,9
15,10,16,24,43,13,20,2018,8,11
30,38,5,4,2,13,35,2018,8,16
42,41,35,37,25,7,15,2018,8,18
45,9,12,40,2,48,5,2018,8,23
49,8,18,34,41,17,3,2018,8,25
8,38,27,40,44,11,26,2018,8,30
7,37,19,4,45,44,12,2018,9,1
27,11,3,21,28,34,40,2018,9,6
40,41,16,30,38,9,4,2018,9,8
24,23,43,11,49,2,8,2018,9,13
21,34,36,4,26,24,14,2018,9,15
34,26,36,24,46,4,39,2018,9,20
9,31,32,48,16,19,8,2018,9,22
18,10,17,21,4,42,45,2018,9,27
22,8,45,39,34,7,25,2018,9,29
47,41,19,34,28,36,16,2018,10,4
26,34,19,11,1,27,44,2018,10,6
27,2,30,18,26,24,34,2018,10,11
40,17,11,15,3,21,29,2018,10,13
43,9,41,28,5,16,44,2018,10,18
24,19,3,12,39,20,45,2018,10,20
13,19,12,31,7,42,11,2018,10,25
15,8,42,34,16,40,18,2018,10,27
36,28,21,13,40,37,39,2018,11,1
16,43,1,23,36,8,44,2018,11,3
22,30,26,39,35,16,33,2018,11,8
24,21,40,22,20,46,27,2018,11,10
6,36,45,26,40,39,12,2018,11,15
14,23,29,39,2,30,37,2018,11,17
43,39,9,45,22,47,4,2018,11,22
10,2,35,19,14,24,32,2018,11,24
18,26,49,8,44,40,4,2018,11,29
44,39,2,12,19,45,22,2018,12,1
19,42,37,49,20,32,46,2018,12,6
12,24,9,8,41,19,39,2018,12,8
10,42,45,44,41,2,33,2018,12,13
6,9,26,24,32,10,25,2018,12,15
43,31,8,25,46,24,12,2018,12,20
44,41,32,11,45,8,38,2018,12,22
42,35,23,29,1,31,20,2018,12,27
32,28,20,7,15,42,17,2018,12,29
7,49,23,13,40,41,16,2019,1,3
21,41,37,19,49,29,26,2019,1,5
28,10,6,15,14,13,1,2019,1,10
7,32,3,43,41,6,27,2019,1,12
19,24,30,47,26,8,7,2019,1,17
32,8,36,41,24,7,11,2019,1,19
18,49,2,35,14,5,32,2019,1,24
34,37,43,24,8,48,29,2019,1,26
23,5,33,7,42,25,14,2019,1,31
47,43,25,8,21,27,12,2019,2,2
7,37,8,27,45,41,14,2019,2,7
30,27,49,40,36,35,21,2019,2,9
3,28,40,42,34,10,1,2019,2,14
24,49,25,8,29,19,38,2019,2,16
13,48,26,4,40,41,6,2019,2,21
48,38,15,28,29,7,22,2019,2,23
2,34,29,36,22,20,28,2019,2,28
19,35,40,3,5,47,30,2019,3,2
21,26,15,4,40,6,32,2019,3,7
37,25,3,43,46,23,16,2019,3,9
17,43,10,23,16,27,39,2019,3,14
31,19,29,6,38,17,35,2019,3,16
44,17,38,49,22,47,46,2019,3,21
3,8,20,25,38,30,24,2019,3,23
7,10,23,1,47,38,13,2019,3,28
22,5,32,4,44,45,23,2019,3,30
6,16,36,37,25,17,44,2019,4,4
44,1,39,14,33,10,20,2019,4,6
36,45,22,47,3,39,29,2019,4,11
47,18,15,29,40,21,9,2019,4,13
25,29,18,41,19,32,10,2019,4,18
4,40,19,44,2,45,36,2019,4,20
42,4,28,21,15,16,1,2019,4,25
49,8,27,47,5,30,33,2019,4,27
24,22,11,6,15,3,12,2019,5,2
48,47,34,35,21,9,12,2019,5,4
35,21,24,11,26,38,6,2019,5,9
15,28,45,47,17,7,11,2019,5,11
31,27,33,15,1,29,26,2019,5,16
30,16,19,3,47,36,12,2019,5,18
18,39,11,16,14,41,43,2019,5,23
38,4,17,19,36,48,6,2019,5,25
21,48,2,15,44,39,37,2019,5,30
21,26,44,22,14,49,9,2019,6,1
45,17,6,11,21,36,3,2019,6,6
5,23,30,28,42,25,11,2019,6,8
30,47,44,12,15,21,6,2019,6,13
12,15,32,18,21,43,38,2019,6,15
7,14,35,39,48,9,10,2019,6,20
12,18,1,3,2,27,21,2019,6,22
17,32,27,8,49,13,38,2019,6,27
45,23,31,14,7,27,20,2019,6,29
2,13,34,49,19,32,23,2019,7,4
26,22,14,48,15,9,29,2019,7,6
13,12,39,30,46,26,32,2019,7,11
14,31,46,7,43,29,25,2019,7,13
45,33,23,48,18,24,21,2019,7,18
35,22,15,21,28,26,39,2019,7,20
15,37,35,7,16,38,27,2019,7,25
19,1,38,17,9,43,31,2019,7,27
41,11,21,6,22,28,37,2019,8,1
27,13,29,10,45,37,40,2019,8,3
31,21,47,43,9,35,17,2019,8,8
44,9,22,37,19,29,21,2019,8,10
5,26,49,21,10,3,2,2019,8,15
14,25,9,28,1,29,37,2019,8,17
39,38,21,46,24,45,29,2019,8,22
47,36,37,27,29,3,42,2019,8,24
40,43,1,2,3,28,17,2019,8,29
8,41,11,27,12,44,49,2019,8,31
11,19,10,31,3,13,40,2019,9,5
49,44,39,37,25,31,10,2019,9,7
27,34,16,37,10,3,30,2019,9,12
16,46,34,45,36,32,21,2019,9,14
10,29,20,33,30,41,24,2019,9,19
14,36,26,22,27,10,47,2019,9,21
10,40,16,39,28,37,1,2019,9,26
43,22,42,15,21,10,19,2019,9,28
19,10,42,20,25,39,46,2019,10,3
7,21,30,2,24,42,32,2019,10,5
20,11,22,43,27,26,31,2019,10,10
8,20,47,26,48,27,34,2019,10,12
28,43,2,38,36,16,7,2019,10,17
10,3,17,39,26,49,25,2019,10,19
5,39,19,42,13,38,45,2019,10,24
23,6,46,2,36,37,34,2019,10,26
42,15,44,29,5,7,40,2019,10,31
5,47,46,18,26,28,13,2019,11,2
23,26,12,46,10,41,34,2019,11,7
42,44,45,29,1,24,38,2019,11,9
25,2,43,16,19,37,30,2019,11,14
26,34,44,9,33,36,28,2019,11,16
11,37,3,34,27,5,40,2019,11,21
8,42,17,9,7,5,3,2019,11,23
43,21,41,7,11,46,16,2019,11,28
16,41,7,4,9,2,25,2019,11,30
18,17,40,1,43,41,21,2019,12,5
2,36,42,41,13,34,28,2019,12,7
32,31,13,40,33,2,5,2019,12,12
6,30,16,41,32,18,19,2019,12,14
48,37,31,19,40,32,36,2019,12,19
38,42,37,11,8,45,17,2019,12,21
46,13,35,45,47,43,2,2019,12,26
48,27,5,7,42,39,14,2019,12,28
25,32,44,11,46,40,12,2020,1,2
22,44,2,27,30,1,36,2020,1,4
3,48,36,19,44,34,4,2020,1,9
24,13,14,41,23,15,39,2020,1,11
18,17,46,1,30,12,11,2020,1,16
12,7,37,17,33,23,44,2020,1,18
18,40,38,2,19,17,9,2020,1,23
20,44,28,3,27,46,14,2020,1,25
29,19,25,42,28,34,33,2020,1,30
41,36,13,39,15,40,33,2020,2,1
28,16,14,45,47,33,18,2020,2,6
49,25,4,20,46,28,16,2020,2,8
45,40,4,36,20,12,18,2020,2,13
9,7,30,44,45,3,31,2020,2,15
31,3,23,15,18,39,26,2020,2,20
44,25,31,7,12,37,39,2020,2,22
18,24,25,16,34,42,11,2020,2,27
17,41,3,47,36,28,49,2020,2,29
5,46,49,15,19,27,39,2020,3,5
22,3,29,16,33,5,1,2020,3,7
16,38,49,15,13,27,7,2020,3,12
34,37,31,9,20,45,44,2020,3,14
2,21,5,34,9,49,22,2020,5,21
23,8,14,9,21,1,46,2020,5,23
28,24,18,31,49,42,8,2020,5,28
4,40,36,17,2,15,34,2020,5,30
21,12,16,22,9,23,34,2020,6,4
30,28,9,48,7,3,16,2020,6,6
28,3,38,30,1,40,37,2020,6,11
38,13,19,31,16,14,15,2020,6,13
15,17,37,9,18,46,5,2020,6,18
9,42,24,28,8,47,38,2020,6,20
30,32,27,47,35,42,7,2020,6,25
18,28,46,49,33,38,44,2020,6,27
13,14,34,49,32,9,23,2020,7,2
36,12,41,15,7,4,33,2020,7,4
24,4,36,22,27,11,41,2020,7,9
14,25,6,7,18,34,44,2020,7,11
45,47,26,15,42,13,7,2020,7,16
4,39,13,42,40,38,41,2020,7,18
7,13,43,34,45,36,6,2020,7,23
43,37,45,3,33,16,42,2020,7,25
47,33,13,3,45,34,43,2020,7,30
35,24,13,1,48,44,38,2020,8,1
36,33,35,18,41,23,49,2020,8,6
12,46,3,14,9,15,38,2020,8,8
1,23,17,26,6,4,3,2020,8,13
10,38,27,36,34,5,35,2020,8,15
14,45,7,4,47,22,13,2020,8,20
12,31,33,40,10,14,8,2020,8,22
42,9,16,49,35,47,27,2020,8,27
20,6,35,11,1,24,2,2020,8,29
45,44,13,26,10,11,37,2020,9,3
34,14,12,21,38,7,24,2020,9,5
36,43,37,23,30,29,33,2020,9,10
18,28,25,5,35,46,2,2020,9,12
18,19,20,40,8,36,37,2020,9,17
19,44,17,42,35,7,6,2020,9,19
48,15,31,3,10,13,43,2020,9,24
26,7,10,46,14,15,20,2020,9,26
4,41,10,25,6,29,19,2020,10,1
48,12,5,42,13,27,14,2020,10,3
1,6,11,9,21,39,19,2020,10,8
44,1,16,27,36,4,40,2020,10,10
48,10,42,1,23,13,40,2020,10,15
40,1,7,41,39,46,33,2020,10,17
13,43,36,17,39,31,19,2020,10,22
47,9,17,42,24,41,39,2020,10,24
22,49,27,1,34,47,11,2020,10,29
2,13,32,21,41,43,40,2020,10,31
1,10,22,41,31,4,29,2020,11,5
20,6,48,9,2,22,16,2020,11,7
3,46,36,21,27,37,26,2020,11,12
36,5,33,16,43,9,41,2020,11,14
30,44,12,6,46,3,39,2020,11,19
15,8,32,17,36,45,25,2020,11,21
44,31,17,22,26,29,20,2020,11,26
21,2,25,4,28,13,32,2020,11,28
49,2,19,32,30,14,16,2020,12,3
31,49,3,28,14,40,20,2020,12,5
22,9,12,13,18,36,2,2020,12,10
26,27,16,44,40,11,18,2020,12,12
40,11,24,43,3,38,8,2020,12,17
11,9,6,23,19,4,10,2020,12,19
32,43,6,4,11,36,1,2020,12,24
20,23,43,38,16,31,27,2020,12,26
5,24,15,38,7,4,41,2020,12,31
6,38,37,13,43,19,15,2021,1,2
35,46,33,18,24,32,19,2021,1,7
38,19,13,29,8,25,32,2021,1,9
12,39,10,14,45,41,6,2021,1,14
49,48,28,34,1,30,42,2021,1,16
44,8,31,14,42,43,20,2021,1,21
11,5,28,22,30,42,26,2021,1,23
3,35,46,49,31,26,17,2021,1,28
14,36,13,26,33,40,18,2021,1,30
9,33,5,46,11,49,10,2021,2,4
15,37,41,22,42,7,28,2021,2,6
39,10,3,48,8,2,44,2021,2,11
10,37,35,9,40,25,45,2021,2,13
29,36,1,41,9,3,37,2021,2,18
43,2,7,38,5,44,37,2021,2,20
36,13,33,43,25,30,7,2021,2,25
14,29,42,19,48,34,4,2021,2,27
7,42,13,8,2,32,6,2021,3,4
16,3,40,17,11,5,32,2021,3,6
28,36,17,42,1,2,16,2021,3,11
12,27,1,48,32,40,44,2021,3,13
44,28,26,45,47,2,20,2021,3,18
11,41,13,23,42,24,7,2021,3,20
19,49,39,5,18,26,30,2021,3,25
44,34,7,46,22,47,30,2021,3,27
11,41,36,20,6,24,44,2021,4,1
10,8,1,27,31,17,34,2021,4,3
35,41,48,26,18,10,2,2021,4,8
40,8,6,41,12,30,32,2021,4,10
20,19,29,24,14,23,15,2021,4,15
13,6,40,21,26,1,12,2021,4,17
23,15,19,27,33,8,5,2021,4,22
32,43,37,2,40,26,23,2021,4,24
37,36,4,42,1,43,15,2021,4,29
41,29,33,23,15,37,19,2021,5,1
14,35,49,21,26,1,32,2021,5,6
27,31,4,7,10,18,1,2021,5,8
48,3,14,29,23,35,6,2021,5,13
45,3,44,20,8,19,17,2021,5,15
13,40,15,17,2,32,28,2021,5,20
41,46,17,19,33,24,6,2021,5,22
14,47,12,39,41,37,6,2021,5,27
6,21,19,7,31,42,10,2021,5,29
19,9,49,30,2,1,16,2021,6,3
28,45,1,34,25,26,49,2021,6,5
26,29,41,19,42,2,45,2021,6,10
1,23,38,48,19,31,40,2021,6,12
15,21,37,25,8,42,44,2021,6,17
29,15,19,38,8,48,37,2021,6,19
12,28,9,26,34,1,25,2021,6,24
22,1,39,4,40,35,34,2021,6,26
34,29,6,22,2,1,8,2021,7,1
18,35,5,34,19,10,17,2021,7,3
2,16,5,21,35,34,31,2021,7,8
20,21,32,25,15,42,10,2021,7,10
23,5,19,36,34,37,29,2021,7,15
1,29,5,14,26,27,43,2021,7,17
27,12,6,7,28,41,40,2021,7,22
31,45,32,26,11,43,19,2021,7,24
12,36,45,33,32,24,10,2021,7,29
6,25,17,43,11,30,40,2021,7,31
30,35,19,33,3,11,49,2021,8,5
2,36,22,40,15,3,13,2021,8,7
20,35,27,36,41,42,11,2021,8,12
40,26,31,16,19,33,30,2021,8,14
40,4,33,18,13,28,2,2021,8,19
19,4,1,5,14,45,25,2021,8,21
18,35,47,3,2,30,21,2021,8,26
16,34,15,10,49,4,44,2021,8,28
10,49,29,17,26,22,14,2021,9,2
2,4,33,23,8,44,45,2021,9,4
44,24,48,30,7,39,4,2021,9,9
24,39,7,22,3,12,29,2021,9,11
44,19,14,4,13,41,17,2021,9,16
3,34,43,46,31,28,17,2021,9,18
42,29,20,23,12,27,21,2021,9,23
48,14,23,10,38,42,13,2021,9,25
14,44,23,2,36,10,18,2021,9,30
10,33,43,21,25,42,14,2021,10,2
34,46,41,24,14,3,19,2021,10,7
18,29,6,46,14,45,38,2021,10,9
24,8,4,33,21,19,2,2021,10,14
10,43,42,6,21,47,1,2021,10,16
10,20,18,9,46,30,26,2021,10,21
15,1,12,3,47,29,37,2021,10,23
17,5,34,45,8,15,27,2021,10,28
37,13,29,45,38,6,14,2021,10,30
31,22,47,25,24,45,44,2021,11,4
26,49,2,1,5,33,31,2021,11,6
43,46,14,49,37,27,34,2021,11,11
43,34,4,38,48,19,22,2021,11,13
22,12,27,15,28,43,23,2021,11,18
42,20,33,3,26,44,15,2021,11,20
17,29,49,28,36,18,44,2021,11,25
4,13,19,6,18,2,35,2021,11,27
30,28,10,1,5,18,48,2021,12,2
8,1,27,4,19,6,29,2021,12,4
28,3,2,27,37,4,1,2021,12,9
13,39,14,7,40,4,42,2021,12,11
14,10,4,22,45,15,23,2021,12,16
32,4,27,29,3,45,42,2021,12,18
45,23,17,32,44,15,2,2021,12,23
27,47,6,32,25,22,48,2021,12,25
37,24,12,32,36,43,38,2021,12,30
44,25,17,13,8,46,3,2022,1,1
18,34,40,47,48,11,49,2022,1,6
29,1,36,11,21,12,24,2022,1,8
12,16,18,40,17,45,10,2022,1,13
4,5,19,25,27,13,23,2022,1,15
18,39,3,17,11,46,41,2022,1,20
33,6,27,28,18,32,46,2022,1,22
49,9,5,31,33,25,40,2022,1,27
4,31,7,49,11,32,21,2022,1,29
22,37,17,11,15,27,49,2022,2,3
37,23,21,36,46,40,15,2022,2,5
6,44,19,34,11,5,2,2022,2,10
31,18,2,43,40,45,16,2022,2,12
16,5,13,26,29,4,22,2022,2,17
34,9,33,3,22,29,35,2022,2,19
40,9,47,39,41,24,17,2022,2,24
38,40,32,15,3,42,9,2022,2,26
3,20,22,48,15,10,25,2022,3,3
46,10,19,12,23,14,27,2022,3,5
23,31,25,48,45,9,42,2022,3,10
2,41,30,14,12,22,40,2022,3,12
47,30,19,4,13,22,18,2022,3,17
16,10,9,40,4,15,33,2022,3,19
46,4,22,13,36,18,16,2022,3,24
12,14,1,42,15,13,49,2022,3,26
46,26,7,8,1,39,33,2022,3,31
28,8,29,19,38,11,12,2022,4,2
44,26,48,20,10,39,2,2022,4,7
21,23,29,17,11,35,41,2022,4,9
18,29,41,40,1,48,8,2022,4,14
27,9,45,46,10,19,28,2022,4,16
27,11,2,1,41,9,26,2022,4,21
7,32,14,44,29,1,8,2022,4,23
47,20,32,37,28,18,31,2022,4,28
2,48,12,49,46,32,38,2022,4,30
40,8,26,3,21,22,37,2022,5,5
41,21,8,23,16,18,43,2022,5,7
39,45,1,38,8,48,34,2022,5,12
29,16,47,38,33,23,27,2022,5,14
38,6,47,25,32,43,19,2022,5,19
18,35,49,48,2,8,3,2022,5,21
43,30,34,18,31,2,26,2022,5,26
30,45,48,34,20,7,1,2022,5,28
24,1,32,21,19,10,43,2022,6,2
26,35,46,38,6,2,16,2022,6,4
1,45,17,38,31,22,29,2022,6,9
21,46,28,22,2,45,41,2022,6,11
29,5,25,23,46,11,47,2022,6,16
33,18,41,39,26,30,13,2022,6,18
23,1,29,13,37,47,16,2022,6,23
4,40,12,2,45,21,46,2022,6,25
30,49,23,21,12,40,25,2022,6,30
38,28,6,27,45,32,44,2022,7,2
1,12,26,16,11,6,43,2022,7,7
17,18,44,23,22,21,14,2022,7,9
10,25,38,39,19,8,2,2022,7,11
28,19,44,10,34,36,4,2022,7,14
19,24,45,43,37,47,7,2022,7,16
30,20,1,5,46,49,25,2022,7,18
29,39,20,8,45,43,42,2022,7,21
13,44,47,25,34,1,40,2022,7,23
42,2,19,43,30,5,49,2022,7,25
49,4,14,28,34,7,20,2022,7,28
31,28,1,35,10,30,24,2022,7,30
33,3,49,43,17,18,5,2022,8,1
20,38,40,7,22,5,42,2022,8,4
49,20,25,48,11,28,30,2022,8,6
22,20,9,15,36,16,18,2022,8,8
31,5,8,40,7,43,6,2022,8,11
25,38,39,29,27,18,44,2022,8,13
23,41,12,3,40,43,4,2022,8,15
8,26,27,37,30,45,1,2022,8,18
29,31,39,38,19,37,16,2022,8,20
15,22,6,11,19,14,33,2022,8,22
16,30,41,24,11,13,18,2022,8,25
4,34,43,40,5,45,6,2022,8,27
16,20,8,41,7,19,46,2022,8,29
10,30,14,29,46,8,5,2022,9,1
49,35,11,45,43,29,39,2022,9,3
9,48,42,8,25,38,5,2022,9,5
34,39,28,10,15,3,21,2022,9,8
47,16,21,35,48,38,28,2022,9,10
23,29,6,49,7,43,37,2022,9,12
24,46,5,47,30,12,45,2022,9,15
44,2,43,35,28,14,23,2022,9,17
37,32,43,39,35,12,40,2022,9,19
14,47,44,12,11,42,17,2022,9,22
47,14,48,5,7,3,34,2022,9,24
16,20,14,44,40,22,9,2022,9,26
5,14,21,40,27,17,22,2022,9,29
37,8,45,3,32,2,23,2022,10,1
24,23,35,32,39,13,27,2022,10,3
19,20,25,22,16,24,15,2022,10,6
24,8,38,28,35,17,34,2022,10,8
18,42,19,1,6,40,4,2022,10,10
43,36,31,1,39,32,48,2022,10,13
29,28,41,5,42,16,4,2022,10,15
39,23,40,32,29,41,38,2022,10,17
29,5,11,17,43,8,38,2022,10,20
28,16,26,24,4,15,35,2022,10,22
14,43,12,2,45,33,16,2022,10,24
6,30,8,1,33,29,48,2022,10,27
13,4,29,42,44,7,2,2022,10,29
35,47,38,21,1,16,15,2022,10,31
13,41,8,6,20,23,42,2022,11,3
26,16,39,40,14,35,44,2022,11,5
44,18,28,37,26,47,5,2022,11,7
30,28,10,25,15,16,46,2022,11,10
1,34,9,36,28,19,33,2022,11,12
20,5,25,47,48,36,41,2022,11,14
22,47,2,23,38,20,13,2022,11,17
15,6,11,12,22,32,10,2022,11,19
41,26,34,46,24,19,15,2022,11,21
1,28,27,2,39,46,20,2022,11,24
6,46,11,32,49,16,43,2022,11,26
30,16,21,1,40,15,48,2022,11,28
29,42,8,28,9,45,2,2022,12,1
33,5,47,14,30,34,32,2022,12,3
28,11,5,47,15,25,30,2022,12,5
30,28,5,36,46,17,18,2022,12,8
6,30,48,11,4,19,3,2022,12,10
25,31,41,38,20,11,21,2022,12,12
24,48,27,44,37,13,30,2022,12,15
43,39,48,35,18,12,49,2022,12,17
30,7,24,40,1,49,14,2022,12,19
20,40,3,23,16,41,33,2022,12,22
32,19,12,29,27,17,46,2022,12,24
41,40,30,3,17,49,28,2022,12,26
6,5,43,37,27,30,49,2022,12,29
7,22,8,47,20,23,15,2022,12,31
23,42,25,27,46,44,1,2023,1,2
42,32,11,30,37,20,44,2023,1,5
32,8,21,38,5,24,18,2023,1,7
25,33,24,15,34,16,47,2023,1,9
43,19,1,24,13,46,20,2023,1,12
15,34,36,2,24,43,12,2023,1,14
35,12,26,25,30,47,38,2023,1,16
15,48,39,27,36,23,4,2023,1,19
47,10,49,37,7,35,14,2023,1,21
37,9,17,20,33,8,26,2023,1,23
45,13,39,31,35,19,37,2023,1,26
37,3,1,29,8,11,47,2023,1,28
4,2,21,14,32,34,6,2023,1,30
33,10,2,20,18,8,41,2023,2,2
12,36,6,29,33,34,24,2023,2,4
5,26,25,20,18,29,21,2023,2,6
32,16,46,28,6,24,17,2023,2,9
8,37,15,33,29,26,47,2023,2,11
19,8,49,36,5,11,31,2023,2,13
33,25,32,24,2,40,34,2023,2,16
21,9,34,41,43,30,17,2023,2,18
3,22,29,42,13,38,36,2023,2,20
37,1,26,11,15,7,5,2023,2,23
19,22,24,13,45,20,27,2023,2,25
10,38,19,2,37,28,9,2023,2,27
23,37,48,16,44,17,26,2023,3,2
48,17,8,6,28,24,13,2023,3,4
18,6,43,1,21,16,34,2023,3,6
31,35,3,49,18,41,45,2023,3,9
37,19,3,23,44,16,32,2023,3,11
31,15,37,33,11,36,23,2023,3,13
14,40,23,42,28,45,35,2023,3,16
34,21,45,2,28,23,13,2023,3,18
21,37,42,24,41,27,23,2023,3,20
36,22,25,1,49,12,45,2023,3,23
5,46,41,21,9,36,26,2023,3,25
2,44,20,49,31,6,23,2023,3,27
3,12,14,26,9,45,17,2023,3,30
40,18,27,9,39,13,26,2023,4,1
15,24,29,12,28,5,48,2023,4,3
43,39,22,15,11,9,34,2023,4,6
47,30,42,19,23,37,9,2023,4,8
34,37,25,1,41,13,15,2023,4,10
9,24,23,42,26,36,34,2023,4,13
22,46,9,3,19,20,40,2023,4,15
26,1,7,11,21,43,23,2023,4,17
17,29,48,8,26,13,20,2023,4,20
1,7,43,4,8,44,14,2023,4,22
11,15,30,10,42,1,3,2023,4,24
48,8,4,46,7,47,3,2023,4,27
14,27,48,31,46,13,25,2023,4,29
6,34,39,31,40,41,11,2023,5,1
2,41,14,21,1,20,5,2023,5,4
28,44,17,4,16,37,23,2023,5,6
24,3,28,17,45,13,25,2023,5,8
14,24,42,34,38,45,44,2023,5,11
47,33,48,37,1,24,35,2023,5,13
42,3,25,34,16,6,23,2023,5,15
8,18,49,9,46,3,43,2023,5,18
25,28,15,38,33,47,41,2023,5,20
23,14,5,30,41,1,16,2023,5,22
11,5,16,9,10,48,27,2023,5,25
46,17,18,24,25,2,4,2023,5,27
43,1,10,26,13,33,22,2023,5,29
38,10,21,30,41,20,8,2023,6,1
36,27,31,28,30,19,6,2023,6,3
23,38,18,20,9,49,21,2023,6,5
9,15,1,17,42,39,11,2023,6,8
18,14,38,44,1,10,29,2023,6,10
17,33,45,44,15,32,34,2023,6,12
48,16,20,7,43,49,17,2023,6,15
40,28,12,38,49,37,5,2023,6,17
28,1,20,35,29,12,18,2023,6,19
8,9,24,1,32,29,12,2023,6,22
48,10,39,28,3,7,49,2023,6,24
34,18,32,5,36,3,4,2023,6,26
5,45,42,35,32,41,26,2023,6,29
33,48,27,11,13,40,18,2023,7,1
45,20,8,16,46,39,12,2023,7,3
33,37,34,17,43,19,45,2023,7,6
26,21,1,16,23,20,7,2023,7,8
16,43,11,44,26,30,10,2023,7,10
40,1,7,38,33,17,41,2023,7,13
43,16,37,11,35,5,13,2023,7,15
33,2,14,32,46,35,20,2023,7,17
30,40,47,27,11,15,9,2023,7,20
2,33,22,19,11,6,31,2023,7,22
35,23,5,15,29,13,14,2023,7,24
4,24,20,48,42,10,11,2023,7,27
16,41,40,23,33,26,2,2023,7,29
41,1,10,26,25,17,22,2023,7,31
3,13,29,12,8,31,25,2023,8,3
11,5,4,20,8,40,31,2023,8,5
31,45,16,47,26,25,48,2023,8,7
10,20,17,42,28,25,6,2023,8,10
12,13,40,15,42,28,47,2023,8,12
11,48,20,38,44,33,15,2023,8,14
18,11,12,16,2,8,6,2023,8,17
31,3,2,26,12,42,43,2023,8,19
15,37,11,17,46,20,6,2023,8,21
38,39,46,18,13,42,26,2023,8,24
28,10,30,7,33,21,5,2023,8,26
43,48,42,22,46,3,38,2023,8,28
28,12,32,41,17,45,23,2023,8,31
25,39,42,30,44,19,18,2023,9,2
23,19,46,41,37,28,24,2023,9,4
24,30,27,40,1,15,46,2023,9,7
27,20,42,8,11,13,25,2023,9,9
25,44,3,39,5,43,16,2023,9,11
24,33,44,16,36,46,21,2023,9,14
10,5,13,32,12,33,26,2023,9,16
20,31,10,7,40,2,42,2023,9,18
42,39,17,9,16,22,8,2023,9,21
49,21,26,42,20,37,7,2023,9,23
38,5,16,10,33,30,32,2023,9,25
14,47,23,1,32,39,4,2023,9,28
14,5,41,6,11,12,20,2023,9,30
2,34,3,7,39,21,35,2023,10,2
45,14,6,40,4,35,11,2023,10,5
17,24,9,45,30,38,39,2023,10,7
36,28,39,11,7,5,44,2023,10,9
24,22,31,44,3,1,39,2023,10,12
40,20,48,6,4,19,18,2023,10,14
4,10,36,5,27,8,14,2023,10,16
1,33,8,5,15,28,46,2023,10,19
35,48,20,47,22,6,49,2023,10,21
17,15,32,6,33,49,13,2023,10,23
38,12,46,21,32,13,5,2023,10,26
45,35,20,5,9,43,17,2023,10,28
18,49,21,7,40,45,41,2023,10,30
36,2,47,33,28,14,41,2023,11,2
27,7,13,40,14,49,32,2023,11,4
4,26,31,47,35,23,21,2023,11,6
27,31,32,38,45,39,30,2023,11,9
3,49,43,32,7,15,41,2023,11,11
36,15,41,43,12,5,33,2023,11,13
40,23,5,33,10,26,8,2023,11,16
36,8,18,7,43,14,33,2023,11,18
11,32,43,34,37,17,48,2023,11,20
38,14,27,19,20,9,28,2023,11,23
1,5,14,12,40,41,20,2023,11,25
49,30,24,38,15,1,37,2023,11,27
7,6,41,46,43,37,11,2023,11,30
17,20,12,33,35,49,22,2023,12,2
24,18,44,49,7,11,16,2023,12,4
3,27,29,21,1,22,14,2023,12,7
23,20,24,5,21,8,18,2023,12,9
5,34,39,11,25,17,38,2023,12,11
45,28,27,2,47,34,9,2023,12,14
36,14,19,40,12,18,25,2023,12,16
46,32,40,45,9,1,5,2023,12,18
46,15,43,48,11,29,25,2023,12,21
9,29,1,32,21,6,19,2023,12,23
33,13,31,44,22,12,1,2023,12,25
3,48,23,11,47,45,19,2023,12,28
31,48,34,14,36,38,35,2023,12,30
45,33,49,19,23,41,24,2024,1,1
7,17,3,8,35,18,48,2024,1,4
11,30,13,16,7,35,46,2024,1,6
14,48,37,13,27,39,1,2024,1,8
22,48,15,35,12,7,10,2024,1,11
14,1,22,38,11,37,20,2024,1,13
42,21,9,7,1,2,37,2024,1,15
43,12,20,19,44,17,32,2024,1,18
26,8,5,43,42,10,47,2024,1,20
12,43,26,21,28,44,32,2024,1,22
32,18,41,23,14,26,22,2024,1,25
19,46,36,34,45,10,16,2024,1,27
11,25,32,21,10,42,44,2024,1,29
42,35,8,14,33,23,19,2024,2,1
45,7,35,14,8,1,40,2024,2,3
15,3,42,34,39,5,30,2024,2,5
26,44,1,15,6,3,34,2024,2,8
7,16,27,32,6,19,17,2024,2,10
20,18,5,31,37,29,9,2024,2,12
10,45,33,36,13,23,28,2024,2,15
32,33,12,2,16,20,48,2024,2,17
35,3,33,18,13,31,4,2024,2,19
6,17,26,37,4,10,18,2024,2,22
20,49,47,1,14,30,5,2024,2,24
44,29,47,1,24,30,17,2024,2,26
45,18,35,4,25,21,29,2024,2,29
33,2,10,23,22,42,43,2024,3,2
30,47,4,48,8,43,23,2024,3,4
3,22,47,1,11,6,32,2024,3,7
2,33,9,15,17,12,43,2024,3,9
30,6,16,21,43,33,47,2024,3,11
10,18,43,41,7,1,13,2024,3,14
6,16,14,19,39,43,34,2024,3,16
16,29,41,40,1,24,34,2024,3,18
4,31,17,48,39,49,32,2024,3,21
5,27,23,30,46,32,7,2024,3,23
38,25,44,1,41,28,7,2024,3,25
49,36,6,7,26,16,27,2024,3,28
38,48,14,29,26,37,42,2024,3,30
34,44,5,14,7,21,20,2024,4,1
37,31,9,23,34,3,28,2024,4,4
10,44,31,34,28,7,11,2024,4,6
43,15,39,16,19,23,41,2024,4,8
4,18,38,9,47,41,21,2024,4,11
26,2,35,10,3,19,9,2024,4,13
18,30,23,32,21,24,6,2024,4,15
13,34,15,29,4,36,48,2024,4,18
44,40,10,43,12,28,20,2024,4,20
22,4,14,42,29,35,40,2024,4,22
44,1,29,41,22,21,37,2024,4,25
48,33,3,24,2,49,8,2024,4,27
35,11,24,1,43,42,10,2024,4,29
26,48,17,29,44,22,42,2024,5,2
14,18,4,5,8,17,21,2024,5,4
35,16,37,27,29,18,2,2024,5,6
11,42,31,37,16,22,44,2024,5,9
5,31,40,36,42,38,15,2024,5,11
27,20,10,15,49,19,23,2024,5,13
39,20,36,29,31,13,12,2024,5,16
6,40,20,32,38,26,11,2024,5,18
14,10,3,35,28,16,34,2024,5,20
36,9,38,11,45,1,10,2024,5,23
3,1,21,16,15,20,33,2024,5,25
42,31,43,14,9,41,23,2024,5,27
5,41,19,11,29,23,12,2024,5,30
24,12,19,20,8,35,49,2024,6,1
14,47,18,49,35,37,28,2024,6,3
44,15,49,14,5,42,16,2024,6,6
29,48,10,31,3,4,15,2024,6,8
2,19,5,43,12,28,30,2024,6,10
33,10,5,2,9,19,27,2024,6,13
45,37,31,18,39,47,44,2024,6,15
22,12,2,43,8,16,35,2024,6,17
47,31,27,48,2,39,20,2024,6,20
6,28,10,9,14,16,42,2024,6,22
12,6,34,36,22,44,42,2024,6,24
48,25,10,39,49,32,26,2024,6,27
2,48,29,8,5,13,38,2024,6,29
42,49,1,28,5,2,37,2024,7,1
22,38,1,45,10,48,29,2024,7,4
5,40,19,6,30,35,9,2024,7,6
48,21,12,4,5,39,42,2024,7,8
46,25,30,17,26,16,48,2024,7,11
7,5,23,6,13,48,8,2024,7,13
19,34,31,11,21,30,16,2024,7,15
12,14,35,7,2,25,44,2024,7,18
37,44,29,14,39,45,1,2024,7,20
48,18,2,4,11,38,3,2024,7,22
7,29,28,23,32,10,47,2024,7,25
32,13,42,44,5,1,2,2024,7,27
36,20,12,42,27,22,19,2024,7,29
48,15,10,2,11,34,21,2024,8,1
10,27,18,42,35,25,34,2024,8,3
18,44,41,49,36,11,35,2024,8,5
38,20,21,10,31,46,8,2024,8,8
46,49,43,38,3,26,19,2024,8,10
39,12,38,40,17,3,36,2024,8,12
16,39,45,13,22,32,12,2024,8,15
16,17,4,44,14,13,7,2024,8,17
5,16,37,7,35,41,4,2024,8,19
8,33,42,41,40,31,48,2024,8,22
8,15,17,46,1,27,26,2024,8,24
30,34,42,12,7,26,44,2024,8,26
26,9,13,1,48,18,23,2024,8,29
5,36,26,6,7,13,27,2024,8,31
34,35,15,39,38,16,26,2024,9,2
5,39,9,12,16,22,4,2024,9,5
33,23,1,41,10,12,40,2024,9,7
33,27,46,40,34,31,47,2024,9,9
10,8,45,44,22,36,28,2024,9,12
9,46,19,23,11,44,24,2024,9,14
9,44,11,1,35,34,13,2024,9,16
38,12,23,44,4,46,34,2024,9,19
13,12,5,38,39,47,41,2024,9,21
32,22,2,9,10,1,48,2024,9,23
13,47,15,19,5,17,2,2024,9,26
28,41,30,16,34,7,17,2024,9,28
8,30,25,4,36,17,11,2024,9,30
10,24,7,48,14,15,39,2024,10,3
21,11,28,35,41,7,31,2024,10,5
23,36,22,8,34,26,5,2024,10,7
44,1,35,40,5,39,15,2024,10,10
7,49,40,18,10,2,44,2024,10,12
49,5,47,6,21,2,33,2024,10,14
26,37,17,23,47,7,6,2024,10,17
49,36,7,17,15,14,30,2024,10,19
39,29,48,6,35,21,40,2024,10,21
21,41,43,9,28,19,15,2024,10,24
33,41,28,25,35,8,18,2024,10,26
29,31,8,12,33,14,13,2024,10,28
12,39,14,26,32,41,13,2024,10,31
6,35,23,14,49,32,22,2024,11,2
48,41,18,7,45,37,12,2024,11,4
46,32,45,49,18,40,28,2024,11,7
15,2,14,4,6,42,11,2024,11,9
22,35,37,6,36,14,23,2024,11,11
24,15,23,39,7,14,46,2024,11,14
20,39,1,7,40,29,17,2024,11,16
10,3,1,6,14,30,35,2024,11,18
21,37,29,8,7,38,45,2024,11,21
41,21,39,38,49,31,30,2024,11,23
31,25,48,21,32,44,3,2024,11,25
46,5,39,41,6,4,7,2024,11,28
44,32,12,35,49,22,39,2024,11,30
16,40,3,46,43,36,1,2024,12,2
44,31,10,2,7,42,20,2024,12,5
27,43,32,8,31,9,29,2024,12,7
43,3,27,1,9,28,22,2024,12,9
6,40,14,15,13,12,10,2024,12,12
13,32,33,31,43,35,3,2024,12,14
7,26,43,30,27,11,32,2024,12,16
1,40,36,38,41,23,13,2024,12,19
23,4,31,21,7,46,37,2024,12,21
10,25,4,12,49,1,42,2024,12,23
5,12,24,27,46,38,26,2024,12,26
36,13,46,35,20,26,12,2024,12,28
35,38,29,25,15,48,22,2024,12,30
8,6,10,14,31,47,17,2025,1,2
16,37,32,30,6,20,15,2025,1,4
34,33,27,31,6,24,30,2025,1,6
28,20,15,26,3,5,23,2025,1,9
29,49,10,16,12,45,4,2025,1,11
24,42,10,17,39,2,19,2025,1,13
37,15,48,41,11,5,46,2025,1,16
28,21,12,42,13,41,29,2025,1,18
21,15,26,6,44,30,23,2025,1,20
15,2,12,26,19,41,42,2025,1,23
12,31,22,15,47,2,40,2025,1,25
28,33,47,27,24,30,11,2025,1,27
29,33,6,21,7,19,25,2025,1,30
39,11,28,9,40,34,1,2025,2,1
20,14,40,42,18,13,5,2025,2,3
11,15,14,23,16,25,47,2025,2,6
12,25,24,26,18,7,29,2025,2,8
34,6,41,8,37,21,3,2025,2,10
48,42,28,20,7,22,32,2025,2,13
44,12,29,37,21,2,23,2025,2,15
35,21,29,13,27,46,41,2025,2,17
19,10,23,36,39,45,20,2025,2,20
30,37,40,41,20,13,45,2025,2,22
31,17,42,25,21,43,45,2025,2,24
49,14,18,45,1,35,9,2025,2,27
27,8,6,40,18,30,42,2025,3,1
24,38,48,39,46,8,14,2025,3,3
3,15,31,35,27,16,11,2025,3,6
47,17,37,6,24,31,29,2025,3,8
49,37,7,4,15,48,5,2025,3,10
28,33,18,47,43,11,13,2025,3,13
40,6,22,28,44,49,12,2025,3,15
5,28,31,11,9,30,29,2025,3,17
20,48,26,7,3,38,35,2025,3,20
13,3,38,44,36,41,49,2025,3,22
46,11,3,49,2,24,23,2025,3,24
45,44,31,24,8,10,17,2025,3,27
12,19,30,18,2,24,32,2025,3,29
12,6,34,21,26,27,44,2025,3,31
23,9,14,4,8,45,12,2025,4,3
1,19,37,7,21,17,26,2025,4,5
33,7,8,3,4,22,1,2025,4,7
46,14,15,45,39,4,42,2025,4,10
42,45,18,5,24,15,11,2025,4,12
32,35,23,22,1,34,27,2025,4,14
4,33,6,39,2,32,27,2025,4,17
30,4,34,17,2,46,8,2025,4,19
35,9,17,24,25,38,12,2025,4,21
23,37,30,20,39,10,41,2025,4,24
16,11,26,44,46,17,22,2025,4,26
46,43,17,39,13,2,21,2025,4,28
45,18,49,39,19,30,23,2025,5,1
1,4,16,37,25,33,15,2025,5,3
22,35,39,29,45,30,14,2025,5,5
30,40,32,18,27,31,2,2025,5,8
39,13,31,1,23,8,15,2025,5,10
33,35,10,5,48,44,7,2025,5,12
35,16,28,39,42,4,30,2025,5,15
23,16,29,1,24,44,28,2025,5,17
46,32,47,28,29,43,30,2025,5,19
23,16,41,18,1,15,2,2025,5,22
14,41,19,35,5,46,31,2025,5,24
41,28,33,43,13,4,9,2025,5,26
1,35,38,3,10,23,17,2025,5,29
5,14,6,35,45,24,49,2025,5,31
45,40,23,7,38,20,30,2025,6,2
18,24,39,34,37,17,14,2025,6,5
5,19,46,45,14,33,7,2025,6,7
6,4,35,15,31,13,16,2025,6,9
43,30,46,36,10,38,17,2025,6,12
18,8,42,4,6,28,10,2025,6,14
25,39,12,16,23,33,35,2025,6,16
38,21,41,46,13,7,34,2025,6,19
12,45,44,25,49,43,27,2025,6,21
29,25,22,35,41,39,38,2025,6,23
38,41,39,15,26,20,32,2025,6,26
6,9,32,30,36,5,45,2025,6,28
42,19,49,3,21,31,22,2025,6,30
45,23,25,43,24,3,29,2025,7,3
37,5,27,14,20,19,43,2025,7,5
9,36,4,43,37,34,14,2025,7,7
10,9,17,13,47,44,38,2025,7,10
28,23,47,9,44,38,34,2025,7,12
4,46,45,20,6,17,26,2025,7,14
32,47,30,12,16,41,46,2025,7,17
39,47,16,15,40,20,19,2025,7,19
1,30,16,6,23,40,36,2025,7,21
19,44,28,24,18,32,23,2025,7,24
16,22,44,29,47,10,21,2025,7,26
40,37,4,24,15,38,19,2025,7,28
33,8,24,18,38,14,36,2025,7,31
43,8,48,36,42,40,41,2025,8,2
46,43,34,4,18,32,39,2025,8,4
26,19,13,21,24,3,33,2025,8,7
20,10,33,19,27,25,9,2025,8,9
32,44,40,20,46,11,15,2025,8,11
7,11,16,36,43,12,26,2025,8,14
45,22,46,11,48,14,30,2025,8,16
6,23,5,8,46,47,18,2025,8,18
6,22,46,38,43,34,36,2025,8,21
14,43,49,25,40,31,33,2025,8,23
16,6,7,39,26,49,17,2025,8,25
2,38,12,19,45,11,21,2025,8,28
28,40,41,36,6,48,39,2025,8,30
29,9,15,46,8,39,24,2025,9,1
17,9,41,8,28,46,44,2025,9,4
19,40,29,12,9,22,44,2025,9,6
26,9,46,36,7,2,18,2025,9,8
19,45,23,36,32,35,43,2025,9,11
23,18,14,19,30,9,15,2025,9,13
5,8,16,10,28,1,4,2025,9,15
17,4,38,19,7,15,22,2025,9,18
34,39,20,35,32,38,43,2025,9,20
26,21,48,18,24,46,36,2025,9,22
6,14,29,38,33,28,25,2025,9,25
46,33,41,44,18,27,6,2025,9,27
1,14,34,49,8,25,16,2025,9,29
18,34,26,39,5,29,8,2025,10,2
39,46,25,12,41,10,44,2025,10,4
30,19,12,44,10,14,8,2025,10,6
9,45,11,29,27,16,38,2025,10,9
8,47,38,45,10,29,43,2025,10,11
25,36,20,31,1,4,26,2025,10,13
13,34,2,19,4,7,17,2025,10,16
28,6,21,15,49,20,8,2025,10,18
14,28,24,39,2,8,43,2025,10,20
17,15,7,34,49,47,40,2025,10,23
36,14,5,13,46,44,12,2025,10,25
23,45,38,24,42,13,25,2025,10,27
19,8,42,34,9,39,13,2025,10,30
36,10,4,16,47,17,7,2025,11,1
41,37,40,19,14,29,48,2025,11,3
45,16,37,46,11,18,22,2025,11,6
2,32,25,22,17,40,44,2025,11,8
17,18,28,25,8,6,11,2025,11,10
6,25,41,49,2,7,48,2025,11,13
48,23,31,32,41,39,49,2025,11,15
45,2,12,46,8,13,4,2025,11,17
7,31,3,49,2,41,22,2025,11,20
12,34,48,22,9,15,13,2025,11,22
38,22,29,12,26,19,33,2025,11,24
35,1,32,26,31,13,10,2025,11,27
31,37,20,36,35,46,25,2025,11,29
38,28,47,41,16,2,8,2025,12,1
8,47,12,2,1,40,23,2025,12,4
33,30,4,28,26,3,43,2025,12,6
17,34,12,3,40,43,8,2025,12,8
46,20,12,38,13,14,31,2025,12,11
11,43,10,6,1,2,7,2025,12,13
14,27,25,8,31,36,39,2025,12,15
12,27,43,21,23,8,47,2025,12,18
6,30,9,16,32,43,37,2025,12,20
29,17,10,46,2,23,1,2025,12,22
43,32,22,47,13,2,3,2025,12,25
