R,Ano,Mes,Dia
2,1994,01,06
8,1994,01,08
0,1994,01,13
9,1994,01,15
0,1994,01,20
4,1994,01,22
8,1994,01,27
8,1994,01,29
6,1994,02,03
6,1994,02,05
5,1994,02,10
7,1994,02,12
9,1994,02,17
0,1994,02,19
9,1994,02,24
8,1994,02,26
4,1994,03,03
8,1994,03,05
6,1994,03,10
3,1994,03,12
4,1994,03,17
4,1994,03,19
6,1994,03,24
0,1994,03,26
8,1994,03,31
7,1994,04,02
0,1994,04,07
9,1994,04,09
5,1994,04,14
0,1994,04,16
1,1994,04,21
4,1994,04,23
3,1994,04,28
6,1994,04,30
5,1994,05,05
9,1994,05,07
2,1994,05,12
8,1994,05,14
1,1994,05,19
3,1994,05,21
0,1994,05,26
9,1994,05,28
3,1994,06,02
5,1994,06,04
6,1994,06,09
9,1994,06,11
8,1994,06,16
9,1994,06,18
9,1994,06,23
0,1994,06,25
5,1994,06,30
5,1994,07,02
8,1994,07,07
2,1994,07,09
7,1994,07,14
3,1994,07,16
2,1994,07,21
0,1994,07,23
7,1994,07,28
4,1994,07,30
9,1994,08,04
0,1994,08,06
7,1994,08,11
6,1994,08,13
2,1994,08,18
2,1994,08,20
5,1994,08,25
3,1994,08,27
7,1994,09,01
8,1994,09,03
9,1994,09,08
9,1994,09,10
0,1994,09,15
1,1994,09,17
9,1994,09,22
2,1994,09,24
7,1994,09,29
2,1994,10,01
4,1994,10,06
2,1994,10,08
4,1994,10,13
7,1994,10,15
6,1994,10,20
8,1994,10,22
6,1994,10,27
4,1994,10,29
9,1994,11,03
4,1994,11,05
0,1994,11,10
4,1994,11,12
2,1994,11,17
8,1994,11,19
5,1994,11,24
3,1994,11,26
1,1994,12,01
8,1994,12,03
5,1994,12,08
5,1994,12,10
2,1994,12,15
5,1994,12,17
7,1994,12,22
8,1994,12,24
6,1994,12,29
5,1994,12,31
7,1995,01,05
4,1995,01,07
8,1995,01,12
2,1995,01,14
1,1995,01,19
0,1995,01,21
1,1995,01,26
3,1995,01,28
4,1995,02,02
1,1995,02,04
9,1995,02,09
2,1995,02,11
3,1995,02,16
4,1995,02,18
3,1995,02,23
3,1995,02,25
8,1995,03,02
9,1995,03,04
1,1995,03,09
2,1995,03,11
6,1995,03,16
6,1995,03,18
3,1995,03,23
3,1995,03,25
4,1995,03,30
9,1995,04,01
2,1995,04,06
2,1995,04,08
3,1995,04,13
3,1995,04,15
9,1995,04,20
6,1995,04,22
4,1995,04,27
7,1995,04,29
1,1995,05,04
0,1995,05,06
8,1995,05,11
1,1995,05,13
0,1995,05,18
1,1995,05,20
1,1995,05,25
8,1995,05,27
3,1995,06,01
1,1995,06,03
4,1995,06,08
9,1995,06,10
8,1995,06,15
5,1995,06,17
9,1995,06,22
1,1995,06,24
2,1995,06,29
5,1995,07,01
2,1995,07,06
7,1995,07,08
7,1995,07,13
5,1995,07,15
3,1995,07,20
7,1995,07,22
7,1995,07,27
1,1995,07,29
6,1995,08,03
1,1995,08,05
3,1995,08,10
3,1995,08,12
0,1995,08,17
5,1995,08,19
5,1995,08,24
7,1995,08,26
4,1995,08,31
5,1995,09,02
9,1995,09,07
8,1995,09,09
3,1995,09,14
7,1995,09,16
5,1995,09,21
4,1995,09,23
5,1995,09,28
9,1995,09,30
0,1995,10,05
4,1995,10,07
1,1995,10,12
2,1995,10,14
1,1995,10,19
7,1995,10,21
6,1995,10,26
5,1995,10,28
0,1995,11,02
6,1995,11,04
5,1995,11,09
5,1995,11,11
7,1995,11,16
7,1995,11,18
3,1995,11,23
8,1995,11,25
7,1995,11,30
4,1995,12,02
4,1995,12,07
8,1995,12,09
5,1995,12,14
0,1995,12,16
8,1995,12,21
0,1995,12,23
2,1995,12,28
1,1995,12,30
4,1996,01,04
5,1996,01,06
1,1996,01,11
6,1996,01,13
8,1996,01,18
7,1996,01,20
7,1996,01,25
8,1996,01,27
8,1996,02,01
9,1996,02,03
2,1996,02,08
4,1996,02,10
8,1996,02,15
2,1996,02,17
2,1996,02,22
5,1996,02,24
0,1996,02,29
3,1996,03,02
2,1996,03,07
3,1996,03,09
3,1996,03,14
9,1996,03,16
0,1996,03,21
9,1996,03,23
9,1996,03,28
4,1996,03,30
5,1996,04,04
1,1996,04,06
1,1996,04,11
0,1996,04,13
4,1996,04,18
6,1996,04,20
2,1996,04,25
7,1996,04,27
6,1996,05,02
4,1996,05,04
5,1996,05,09
8,1996,05,11
1,1996,05,16
9,1996,05,18
7,1996,05,23
6,1996,05,25
0,1996,05,30
4,1996,06,01
0,1996,06,06
5,1996,06,08
5,1996,06,13
5,1996,06,15
6,1996,06,20
4,1996,06,22
8,1996,06,27
0,1996,06,29
6,1996,07,04
0,1996,07,06
3,1996,07,11
9,1996,07,13
0,1996,07,18
5,1996,07,20
6,1996,07,25
1,1996,07,27
2,1996,08,01
2,1996,08,03
6,1996,08,08
9,1996,08,10
3,1996,08,15
0,1996,08,17
6,1996,08,22
4,1996,08,24
5,1996,08,29
8,1996,08,31
6,1996,09,05
2,1996,09,07
8,1996,09,12
8,1996,09,14
4,1996,09,19
1,1996,09,21
2,1996,09,26
7,1996,09,28
3,1996,10,03
6,1996,10,05
6,1996,10,10
2,1996,10,12
7,1996,10,17
1,1996,10,19
7,1996,10,24
9,1996,10,26
8,1996,10,31
4,1996,11,02
1,1996,11,07
6,1996,11,09
2,1996,11,14
5,1996,11,16
2,1996,11,21
6,1996,11,23
8,1996,11,28
8,1996,11,30
5,1996,12,05
2,1996,12,07
5,1996,12,12
2,1996,12,14
7,1996,12,19
5,1996,12,21
3,1996,12,26
1,1996,12,28
9,1997,01,02
1,1997,01,04
3,1997,01,09
6,1997,01,11
8,1997,01,16
3,1997,01,18
7,1997,01,23
5,1997,01,25
2,1997,01,30
5,1997,02,01
0,1997,02,06
7,1997,02,08
1,1997,02,13
0,1997,02,15
9,1997,02,20
5,1997,02,22
6,1997,02,27
6,1997,03,01
1,1997,03,06
4,1997,03,08
7,1997,03,13
8,1997,03,15
0,1997,03,20
4,1997,03,22
8,1997,03,27
1,1997,03,29
1,1997,04,03
2,1997,04,05
7,1997,04,10
2,1997,04,12
8,1997,04,17
1,1997,04,19
1,1997,04,24
3,1997,04,26
9,1997,05,01
6,1997,05,03
4,1997,05,08
9,1997,05,10
2,1997,05,15
4,1997,05,17
0,1997,05,22
3,1997,05,24
8,1997,05,29
9,1997,05,31
7,1997,06,05
2,1997,06,07
5,1997,06,12
8,1997,06,14
7,1997,06,19
4,1997,06,21
3,1997,06,26
2,1997,06,28
9,1997,07,03
9,1997,07,05
9,1997,07,10
9,1997,07,12
8,1997,07,17
3,1997,07,19
3,1997,07,24
2,1997,07,26
4,1997,07,31
7,1997,08,02
0,1997,08,07
4,1997,08,09
2,1997,08,14
8,1997,08,16
2,1997,08,21
4,1997,08,23
4,1997,08,28
0,1997,08,30
7,1997,09,04
5,1997,09,06
6,1997,09,11
7,1997,09,13
5,1997,09,18
3,1997,09,20
4,1997,09,25
5,1997,09,27
1,1997,10,02
6,1997,10,04
1,1997,10,09
2,1997,10,11
6,1997,10,16
6,1997,10,18
3,1997,10,23
6,1997,10,25
3,1997,10,30
4,1997,11,01
3,1997,11,06
3,1997,11,08
4,1997,11,13
9,1997,11,15
4,1997,11,20
0,1997,11,22
7,1997,11,27
5,1997,11,29
1,1997,12,04
7,1997,12,06
2,1997,12,11
3,1997,12,13
0,1997,12,18
0,1997,12,20
2,1997,12,25
2,1997,12,27
0,1998,01,01
4,1998,01,03
9,1998,01,08
8,1998,01,10
9,1998,01,15
2,1998,01,17
2,1998,01,22
3,1998,01,24
9,1998,01,29
0,1998,01,31
5,1998,02,05
6,1998,02,07
6,1998,02,12
1,1998,02,14
7,1998,02,19
8,1998,02,21
2,1998,02,26
6,1998,02,28
3,1998,03,05
1,1998,03,07
8,1998,03,12
3,1998,03,14
2,1998,03,19
0,1998,03,21
8,1998,03,26
5,1998,03,28
0,1998,04,02
1,1998,04,04
1,1998,04,09
2,1998,04,11
5,1998,04,16
3,1998,04,18
9,1998,04,23
0,1998,04,25
5,1998,04,30
9,1998,05,02
9,1998,05,07
4,1998,05,09
2,1998,05,14
4,1998,05,16
8,1998,05,21
9,1998,05,23
7,1998,05,28
7,1998,05,30
9,1998,06,04
2,1998,06,06
5,1998,06,11
8,1998,06,13
1,1998,06,18
1,1998,06,20
5,1998,06,25
1,1998,06,27
6,1998,07,02
5,1998,07,04
4,1998,07,09
1,1998,07,11
9,1998,07,16
5,1998,07,18
7,1998,07,23
6,1998,07,25
9,1998,07,30
1,1998,08,01
8,1998,08,06
6,1998,08,08
0,1998,08,13
1,1998,08,15
8,1998,08,20
8,1998,08,22
8,1998,08,27
0,1998,08,29
6,1998,09,03
1,1998,09,05
9,1998,09,10
5,1998,09,12
6,1998,09,17
2,1998,09,19
3,1998,09,24
7,1998,09,26
3,1998,10,01
9,1998,10,03
2,1998,10,08
6,1998,10,10
9,1998,10,15
3,1998,10,17
0,1998,10,22
9,1998,10,24
4,1998,10,29
2,1998,10,31
5,1998,11,05
8,1998,11,07
7,1998,11,12
5,1998,11,14
7,1998,11,19
7,1998,11,21
0,1998,11,26
9,1998,11,28
1,1998,12,03
7,1998,12,05
4,1998,12,10
9,1998,12,12
2,1998,12,17
1,1998,12,19
4,1998,12,24
1,1998,12,26
3,1998,12,31
2,1999,01,02
1,1999,01,07
4,1999,01,09
3,1999,01,14
4,1999,01,16
5,1999,01,21
7,1999,01,23
2,1999,01,28
5,1999,01,30
0,1999,02,04
7,1999,02,06
1,1999,02,11
5,1999,02,13
9,1999,02,18
6,1999,02,20
6,1999,02,25
0,1999,02,27
6,1999,03,04
6,1999,03,06
9,1999,03,11
5,1999,03,13
9,1999,03,18
7,1999,03,20
1,1999,03,25
4,1999,03,27
2,1999,04,01
0,1999,04,03
3,1999,04,08
9,1999,04,10
5,1999,04,15
2,1999,04,17
3,1999,04,22
1,1999,04,24
8,1999,04,29
6,1999,05,01
9,1999,05,06
2,1999,05,08
8,1999,05,13
1,1999,05,15
1,1999,05,20
1,1999,05,22
7,1999,05,27
8,1999,05,29
3,1999,06,03
8,1999,06,05
1,1999,06,10
2,1999,06,12
2,1999,06,17
2,1999,06,19
2,1999,06,24
2,1999,06,26
2,1999,07,01
9,1999,07,03
5,1999,07,08
2,1999,07,10
2,1999,07,15
7,1999,07,17
3,1999,07,22
7,1999,07,24
4,1999,07,29
1,1999,07,31
8,1999,08,05
4,1999,08,07
1,1999,08,12
0,1999,08,14
9,1999,08,19
9,1999,08,21
5,1999,08,26
7,1999,08,28
4,1999,09,02
3,1999,09,04
0,1999,09,09
4,1999,09,11
7,1999,09,16
1,1999,09,18
2,1999,09,23
9,1999,09,25
9,1999,09,30
6,1999,10,02
6,1999,10,07
7,1999,10,09
4,1999,10,14
1,1999,10,16
2,1999,10,21
5,1999,10,23
2,1999,10,28
5,1999,10,30
8,1999,11,04
2,1999,11,06
2,1999,11,11
7,1999,11,13
4,1999,11,18
1,1999,11,20
7,1999,11,25
6,1999,11,27
4,1999,12,02
8,1999,12,04
4,1999,12,09
3,1999,12,11
3,1999,12,16
6,1999,12,18
2,1999,12,23
9,1999,12,25
6,1999,12,30
3,2000,01,01
6,2000,01,06
3,2000,01,08
0,2000,01,13
1,2000,01,15
2,2000,01,20
2,2000,01,22
6,2000,01,27
0,2000,01,29
1,2000,02,03
5,2000,02,05
7,2000,02,10
7,2000,02,12
1,2000,02,17
4,2000,02,19
3,2000,02,24
6,2000,02,26
1,2000,03,02
5,2000,03,04
5,2000,03,09
1,2000,03,11
0,2000,03,16
2,2000,03,18
8,2000,03,23
9,2000,03,25
0,2000,03,30
0,2000,04,01
0,2000,04,06
5,2000,04,08
7,2000,04,13
7,2000,04,15
8,2000,04,20
9,2000,04,22
9,2000,04,27
7,2000,04,29
1,2000,05,04
6,2000,05,06
3,2000,05,11
1,2000,05,13
1,2000,05,18
1,2000,05,20
0,2000,05,25
6,2000,05,27
9,2000,06,01
7,2000,06,03
9,2000,06,08
9,2000,06,10
1,2000,06,15
9,2000,06,17
7,2000,06,22
8,2000,06,24
3,2000,06,29
2,2000,07,01
9,2000,07,06
1,2000,07,08
2,2000,07,13
0,2000,07,15
2,2000,07,20
9,2000,07,22
4,2000,07,27
7,2000,07,29
1,2000,08,03
5,2000,08,05
5,2000,08,10
7,2000,08,12
6,2000,08,17
1,2000,08,19
8,2000,08,24
5,2000,08,26
8,2000,08,31
1,2000,09,02
4,2000,09,07
6,2000,09,09
3,2000,09,14
3,2000,09,16
9,2000,09,21
4,2000,09,23
2,2000,09,28
8,2000,09,30
2,2000,10,05
2,2000,10,07
1,2000,10,12
2,2000,10,14
2,2000,10,19
0,2000,10,21
3,2000,10,26
9,2000,10,28
9,2000,11,02
0,2000,11,04
9,2000,11,09
6,2000,11,11
7,2000,11,16
6,2000,11,18
1,2000,11,23
8,2000,11,25
8,2000,11,30
1,2000,12,02
3,2000,12,07
7,2000,12,09
9,2000,12,14
9,2000,12,16
0,2000,12,21
5,2000,12,23
1,2000,12,28
8,2000,12,30
6,2001,01,04
5,2001,01,06
5,2001,01,11
8,2001,01,13
9,2001,01,18
9,2001,01,20
8,2001,01,25
6,2001,01,27
6,2001,02,01
3,2001,02,03
1,2001,02,08
4,2001,02,10
8,2001,02,15
4,2001,02,17
9,2001,02,22
4,2001,02,24
0,2001,03,01
6,2001,03,03
1,2001,03,08
8,2001,03,10
9,2001,03,15
7,2001,03,17
7,2001,03,22
0,2001,03,24
8,2001,03,29
1,2001,03,31
3,2001,04,05
2,2001,04,07
8,2001,04,12
5,2001,04,14
4,2001,04,19
6,2001,04,21
1,2001,04,26
8,2001,04,28
7,2001,05,03
2,2001,05,05
1,2001,05,10
4,2001,05,12
1,2001,05,17
8,2001,05,19
7,2001,05,24
0,2001,05,26
3,2001,05,31
2,2001,06,02
1,2001,06,07
7,2001,06,09
5,2001,06,14
3,2001,06,16
8,2001,06,21
8,2001,06,23
8,2001,06,28
8,2001,06,30
6,2001,07,05
6,2001,07,07
9,2001,07,12
8,2001,07,14
9,2001,07,19
7,2001,07,21
2,2001,07,26
8,2001,07,28
3,2001,08,02
6,2001,08,04
3,2001,08,09
3,2001,08,11
1,2001,08,16
7,2001,08,18
8,2001,08,23
8,2001,08,25
6,2001,08,30
4,2001,09,01
1,2001,09,06
0,2001,09,08
4,2001,09,13
8,2001,09,15
7,2001,09,20
1,2001,09,22
2,2001,09,27
9,2001,09,29
0,2001,10,04
7,2001,10,06
8,2001,10,11
8,2001,10,13
2,2001,10,18
3,2001,10,20
4,2001,10,25
0,2001,10,27
8,2001,11,01
4,2001,11,03
9,2001,11,08
1,2001,11,10
1,2001,11,15
1,2001,11,17
1,2001,11,22
3,2001,11,24
8,2001,11,29
1,2001,12,01
6,2001,12,06
2,2001,12,08
8,2001,12,13
5,2001,12,15
1,2001,12,20
0,2001,12,22
4,2001,12,27
0,2001,12,29
7,2002,01,03
6,2002,01,05
6,2002,01,10
5,2002,01,12
1,2002,01,17
9,2002,01,19
6,2002,01,24
2,2002,01,26
7,2002,01,31
2,2002,02,02
0,2002,02,07
8,2002,02,09
6,2002,02,14
2,2002,02,16
3,2002,02,21
5,2002,02,23
9,2002,02,28
5,2002,03,02
4,2002,03,07
2,2002,03,09
0,2002,03,14
1,2002,03,16
9,2002,03,21
7,2002,03,23
4,2002,03,28
0,2002,03,30
6,2002,04,04
6,2002,04,06
5,2002,04,11
6,2002,04,13
6,2002,04,18
1,2002,04,20
5,2002,04,25
5,2002,04,27
8,2002,05,02
9,2002,05,04
0,2002,05,09
8,2002,05,11
1,2002,05,16
4,2002,05,18
9,2002,05,23
5,2002,05,25
4,2002,05,30
9,2002,06,01
0,2002,06,06
8,2002,06,08
9,2002,06,13
3,2002,06,15
7,2002,06,20
2,2002,06,22
4,2002,06,27
3,2002,06,29
7,2002,07,04
3,2002,07,06
9,2002,07,11
8,2002,07,13
6,2002,07,18
4,2002,07,20
4,2002,07,25
6,2002,07,27
1,2002,08,01
2,2002,08,03
1,2002,08,08
6,2002,08,10
2,2002,08,15
4,2002,08,17
2,2002,08,22
9,2002,08,24
3,2002,08,29
4,2002,08,31
6,2002,09,05
3,2002,09,07
8,2002,09,12
6,2002,09,14
7,2002,09,19
2,2002,09,21
6,2002,09,26
2,2002,09,28
4,2002,10,03
8,2002,10,05
5,2002,10,10
5,2002,10,12
4,2002,10,17
7,2002,10,19
0,2002,10,24
3,2002,10,26
2,2002,10,31
7,2002,11,02
7,2002,11,07
7,2002,11,09
9,2002,11,14
3,2002,11,16
0,2002,11,21
3,2002,11,23
5,2002,11,28
6,2002,11,30
7,2002,12,05
2,2002,12,07
0,2002,12,12
7,2002,12,14
4,2002,12,19
7,2002,12,21
5,2002,12,26
2,2002,12,28
1,2003,01,02
8,2003,01,04
2,2003,01,09
9,2003,01,11
7,2003,01,16
2,2003,01,18
1,2003,01,23
9,2003,01,25
4,2003,01,30
2,2003,02,01
2,2003,02,06
9,2003,02,08
8,2003,02,13
8,2003,02,15
3,2003,02,20
0,2003,02,22
2,2003,02,27
3,2003,03,01
7,2003,03,06
8,2003,03,08
0,2003,03,13
5,2003,03,15
5,2003,03,20
1,2003,03,22
2,2003,03,27
3,2003,03,29
6,2003,04,03
1,2003,04,05
4,2003,04,10
6,2003,04,12
5,2003,04,17
7,2003,04,19
3,2003,04,24
0,2003,04,26
5,2003,05,01
8,2003,05,03
5,2003,05,08
4,2003,05,10
2,2003,05,15
1,2003,05,17
7,2003,05,22
5,2003,05,24
9,2003,05,29
5,2003,05,31
8,2003,06,05
2,2003,06,07
3,2003,06,12
7,2003,06,14
7,2003,06,19
5,2003,06,21
8,2003,06,26
8,2003,06,28
1,2003,07,03
0,2003,07,05
9,2003,07,10
6,2003,07,12
0,2003,07,17
8,2003,07,19
1,2003,07,24
6,2003,07,26
4,2003,07,31
5,2003,08,02
9,2003,08,07
2,2003,08,09
2,2003,08,14
8,2003,08,16
9,2003,08,21
2,2003,08,23
4,2003,08,28
2,2003,08,30
5,2003,09,04
3,2003,09,06
0,2003,09,11
3,2003,09,13
4,2003,09,18
8,2003,09,20
7,2003,09,25
2,2003,09,27
4,2003,10,02
8,2003,10,04
8,2003,10,09
7,2003,10,11
3,2003,10,16
2,2003,10,18
0,2003,10,23
0,2003,10,25
9,2003,10,30
1,2003,11,01
9,2003,11,06
8,2003,11,08
2,2003,11,13
2,2003,11,15
1,2003,11,20
2,2003,11,22
3,2003,11,27
3,2003,11,29
1,2003,12,04
5,2003,12,06
2,2003,12,11
8,2003,12,13
3,2003,12,18
6,2003,12,20
5,2003,12,25
6,2003,12,27
5,2004,01,01
3,2004,01,03
8,2004,01,08
5,2004,01,10
2,2004,01,15
7,2004,01,17
9,2004,01,22
0,2004,01,24
5,2004,01,29
0,2004,01,31
4,2004,02,05
5,2004,02,07
8,2004,02,12
2,2004,02,14
6,2004,02,19
9,2004,02,21
5,2004,02,26
9,2004,02,28
2,2004,03,04
7,2004,03,06
5,2004,03,11
8,2004,03,13
5,2004,03,18
1,2004,03,20
9,2004,03,25
2,2004,03,27
3,2004,04,01
6,2004,04,03
7,2004,04,08
0,2004,04,10
9,2004,04,15
5,2004,04,17
2,2004,04,22
2,2004,04,24
9,2004,04,29
4,2004,05,01
8,2004,05,06
3,2004,05,08
3,2004,05,13
1,2004,05,15
4,2004,05,20
3,2004,05,22
5,2004,05,27
1,2004,05,29
0,2004,06,03
4,2004,06,05
8,2004,06,10
0,2004,06,12
7,2004,06,17
1,2004,06,19
5,2004,06,24
5,2004,06,26
1,2004,07,01
6,2004,07,03
6,2004,07,08
7,2004,07,10
7,2004,07,15
4,2004,07,17
0,2004,07,22
5,2004,07,24
7,2004,07,29
1,2004,07,31
1,2004,08,05
8,2004,08,07
2,2004,08,12
3,2004,08,14
1,2004,08,19
1,2004,08,21
9,2004,08,26
8,2004,08,28
5,2004,09,02
1,2004,09,04
4,2004,09,09
8,2004,09,11
4,2004,09,16
5,2004,09,18
1,2004,09,23
9,2004,09,25
4,2004,09,30
6,2004,10,02
0,2004,10,07
8,2004,10,09
6,2004,10,14
2,2004,10,16
6,2004,10,21
2,2004,10,23
8,2004,10,28
5,2004,10,30
3,2004,11,04
6,2004,11,06
2,2004,11,11
7,2004,11,13
0,2004,11,18
9,2004,11,20
1,2004,11,25
5,2004,11,27
5,2004,12,02
4,2004,12,04
4,2004,12,09
5,2004,12,11
5,2004,12,16
5,2004,12,18
7,2004,12,23
0,2004,12,25
6,2004,12,30
6,2005,01,01
4,2009,04,18
2,2009,05,07
5,2009,05,09
0,2009,05,14
6,2009,05,16
4,2009,05,21
9,2009,05,23
0,2009,05,28
3,2009,05,30
6,2009,06,04
9,2009,06,06
5,2009,06,11
2,2009,06,13
4,2009,06,18
8,2009,06,20
7,2009,06,25
5,2009,06,27
8,2009,07,02
8,2009,07,04
2,2009,07,09
6,2009,07,11
2,2009,07,16
0,2009,07,18
5,2009,07,23
5,2009,07,25
8,2009,07,30
2,2009,08,01
3,2009,08,06
0,2009,08,08
3,2009,08,13
2,2009,08,15
2,2009,08,20
7,2009,08,22
9,2009,08,27
5,2009,08,29
8,2009,09,03
7,2009,09,05
3,2009,09,10
4,2009,09,12
5,2009,09,17
6,2009,09,19
7,2009,09,24
7,2009,09,26
6,2009,10,01
6,2009,10,03
3,2009,10,08
8,2009,10,10
4,2009,10,15
2,2009,10,17
8,2009,10,22
9,2009,10,24
3,2009,10,29
5,2009,10,31
8,2009,11,05
6,2009,11,07
1,2009,11,12
9,2009,11,14
2,2009,11,19
5,2009,11,21
3,2009,11,26
6,2009,11,28
1,2009,12,03
3,2009,12,05
6,2009,12,10
2,2009,12,12
7,2009,12,17
8,2009,12,19
6,2009,12,24
0,2009,12,26
3,2009,12,31
9,2010,01,02
3,2010,01,07
2,2010,01,09
4,2010,01,14
2,2010,01,16
0,2010,01,21
8,2010,01,23
5,2010,01,28
4,2010,01,30
6,2010,02,04
2,2010,02,06
7,2010,02,11
5,2010,02,13
4,2010,02,18
7,2010,02,20
1,2010,02,25
5,2010,02,27
0,2010,03,04
4,2010,03,06
4,2010,03,11
0,2010,03,13
1,2010,03,18
0,2010,03,20
6,2010,03,25
0,2010,03,27
5,2010,04,01
8,2010,04,03
5,2010,04,08
7,2010,04,10
9,2010,04,15
4,2010,04,17
2,2010,04,22
2,2010,04,24
3,2010,04,29
1,2010,05,01
7,2010,05,06
6,2010,05,08
6,2010,05,13
4,2010,05,15
4,2010,05,20
9,2010,05,22
7,2010,05,27
6,2010,05,29
7,2010,06,03
5,2010,06,05
2,2010,06,10
5,2010,06,12
8,2010,06,17
4,2010,06,19
3,2010,06,24
3,2010,06,26
4,2010,07,01
3,2010,07,03
6,2010,07,08
6,2010,07,10
3,2010,07,15
3,2010,07,17
0,2010,07,22
3,2010,07,24
7,2010,07,29
5,2010,07,31
1,2010,08,05
1,2010,08,07
4,2010,08,12
6,2010,08,14
9,2010,08,19
3,2010,08,21
8,2010,08,26
2,2010,08,28
8,2010,09,02
1,2010,09,04
6,2010,09,09
8,2010,09,11
4,2010,09,16
5,2010,09,18
3,2010,09,23
6,2010,09,25
2,2010,09,30
1,2010,10,02
7,2010,10,07
5,2010,10,09
6,2010,10,14
3,2010,10,16
2,2010,10,21
7,2010,10,23
6,2010,10,28
6,2010,10,30
0,2010,11,04
6,2010,11,06
6,2010,11,11
0,2010,11,13
2,2010,11,18
6,2010,11,20
0,2010,11,25
6,2010,11,27
6,2010,12,02
1,2010,12,04
1,2010,12,09
1,2010,12,11
1,2010,12,16
6,2010,12,18
4,2010,12,23
2,2010,12,25
5,2010,12,30
4,2011,01,01
4,2011,01,06
8,2011,01,08
2,2011,01,13
1,2011,01,15
4,2011,01,20
3,2011,01,22
5,2011,01,27
8,2011,01,29
6,2011,02,03
5,2011,02,05
8,2011,02,10
9,2011,02,12
2,2011,02,17
5,2011,02,19
7,2011,02,24
0,2011,02,26
7,2011,03,03
1,2011,03,05
9,2011,03,10
8,2011,03,12
7,2011,03,17
4,2011,03,19
8,2011,03,24
4,2011,03,26
9,2011,03,31
4,2011,04,02
0,2011,04,07
8,2011,04,09
9,2011,04,14
6,2011,04,16
0,2011,04,21
0,2011,04,23
9,2011,04,28
2,2011,04,30
7,2011,05,05
0,2011,05,07
9,2011,05,12
0,2011,05,14
7,2011,05,19
8,2011,05,21
8,2011,05,26
3,2011,05,28
0,2011,06,02
3,2011,06,04
1,2011,06,09
6,2011,06,11
7,2011,06,16
1,2011,06,18
0,2011,06,23
1,2011,06,25
2,2011,06,30
9,2011,07,02
2,2011,07,07
3,2011,07,09
4,2011,07,14
5,2011,07,16
9,2011,07,21
9,2011,07,23
5,2011,07,28
4,2011,07,30
0,2011,08,04
9,2011,08,06
5,2011,08,11
4,2011,08,13
0,2011,08,18
8,2011,08,20
2,2011,08,25
2,2011,08,27
1,2011,09,01
9,2011,09,03
5,2011,09,08
0,2011,09,10
8,2011,09,15
6,2011,09,17
3,2011,09,22
3,2011,09,24
7,2011,09,29
6,2011,10,01
2,2011,10,06
8,2011,10,08
7,2011,10,13
9,2011,10,15
2,2011,10,20
2,2011,10,22
4,2011,10,27
5,2011,10,29
1,2011,11,03
0,2011,11,05
9,2011,11,10
4,2011,11,12
1,2011,11,17
9,2011,11,19
3,2011,11,24
0,2011,11,26
1,2011,12,01
2,2011,12,03
7,2011,12,08
2,2011,12,10
6,2011,12,15
2,2011,12,17
1,2011,12,22
9,2011,12,24
2,2011,12,29
9,2011,12,31
5,2012,01,05
0,2012,01,07
5,2012,01,12
3,2012,01,14
8,2012,01,19
2,2012,01,21
3,2012,01,26
5,2012,01,28
2,2012,02,02
5,2012,02,04
4,2012,02,09
1,2012,02,11
6,2012,02,16
9,2012,02,18
7,2012,02,23
3,2012,02,25
2,2012,03,01
6,2012,03,03
8,2012,03,08
0,2012,03,10
2,2012,03,15
5,2012,03,17
0,2012,03,22
2,2012,03,24
5,2012,03,29
9,2012,03,31
2,2012,04,05
2,2012,04,07
6,2012,04,12
8,2012,04,14
3,2012,04,19
0,2012,04,21
1,2012,04,26
0,2012,04,28
0,2012,05,03
4,2012,05,05
4,2012,05,10
8,2012,05,12
1,2012,05,17
8,2012,05,19
2,2012,05,24
2,2012,05,26
3,2012,05,31
0,2012,06,02
7,2012,06,07
2,2012,06,09
9,2012,06,14
0,2012,06,16
1,2012,06,21
2,2012,06,23
4,2012,06,28
1,2012,06,30
5,2012,07,05
4,2012,07,07
6,2012,07,12
9,2012,07,14
4,2012,07,19
3,2012,07,21
3,2012,07,26
2,2012,07,28
0,2012,08,02
6,2012,08,04
9,2012,08,09
5,2012,08,11
7,2012,08,16
8,2012,08,18
5,2012,08,23
1,2012,08,25
5,2012,08,30
2,2012,09,01
7,2012,09,06
5,2012,09,08
5,2012,09,13
9,2012,09,15
3,2012,09,20
4,2012,09,22
9,2012,09,27
4,2012,09,29
0,2012,10,04
8,2012,10,06
1,2012,10,11
2,2012,10,13
3,2012,10,18
6,2012,10,20
5,2012,10,25
7,2012,10,27
2,2012,11,01
3,2012,11,03
1,2012,11,08
1,2012,11,10
6,2012,11,15
3,2012,11,17
8,2012,11,22
6,2012,11,24
0,2012,11,29
4,2012,12,01
2,2012,12,06
9,2012,12,08
4,2012,12,13
3,2012,12,15
5,2012,12,20
4,2012,12,22
2,2012,12,27
8,2012,12,29
7,2013,01,03
6,2013,01,05
2,2013,01,10
4,2013,01,12
8,2013,01,17
6,2013,01,19
8,2013,01,24
3,2013,01,26
1,2013,01,31
4,2013,02,02
1,2013,02,07
9,2013,02,09
5,2013,02,14
5,2013,02,16
3,2013,02,21
8,2013,02,23
7,2013,02,28
4,2013,03,02
9,2013,03,07
3,2013,03,09
0,2013,03,14
1,2013,03,16
4,2013,03,21
8,2013,03,23
0,2013,03,28
5,2013,03,30
0,2013,04,04
9,2013,04,06
5,2013,04,11
0,2013,04,13
1,2013,04,18
6,2013,04,20
9,2013,04,25
8,2013,04,27
0,2013,05,02
0,2013,05,04
5,2013,05,09
0,2013,05,11
3,2013,05,16
2,2013,05,18
8,2013,05,23
9,2013,05,25
6,2013,05,30
6,2013,06,01
4,2013,06,06
3,2013,06,08
1,2013,06,13
2,2013,06,15
9,2013,06,20
4,2013,06,22
8,2013,06,27
0,2013,06,29
3,2013,07,04
8,2013,07,06
0,2013,07,11
5,2013,07,13
8,2013,07,18
9,2013,07,20
1,2013,07,25
9,2013,07,27
6,2013,08,01
9,2013,08,03
6,2013,08,08
0,2013,08,10
9,2013,08,15
4,2013,08,17
2,2013,08,22
7,2013,08,24
1,2013,08,29
5,2013,08,31
4,2013,09,05
0,2013,09,07
8,2013,09,12
9,2013,09,14
1,2013,09,19
2,2013,09,21
6,2013,09,26
9,2013,09,28
8,2013,10,03
4,2013,10,05
1,2013,10,10
5,2013,10,12
0,2013,10,17
8,2013,10,19
9,2013,10,24
8,2013,10,26
4,2013,10,31
1,2013,11,02
5,2013,11,07
6,2013,11,09
6,2013,11,14
1,2013,11,16
5,2013,11,21
7,2013,11,23
8,2013,11,28
9,2013,11,30
1,2013,12,05
0,2013,12,07
1,2013,12,12
7,2013,12,14
6,2013,12,19
2,2013,12,21
3,2013,12,26
3,2013,12,28
1,2014,01,02
9,2014,01,04
8,2014,01,09
9,2014,01,11
5,2014,01,16
5,2014,01,18
0,2014,01,23
1,2014,01,25
8,2014,01,30
2,2014,02,01
7,2014,02,06
8,2014,02,08
7,2014,02,13
5,2014,02,15
6,2014,02,20
8,2014,02,22
8,2014,02,27
7,2014,03,01
5,2014,03,06
7,2014,03,08
1,2014,03,13
1,2014,03,15
6,2014,03,20
6,2014,03,22
4,2014,03,27
6,2014,03,29
8,2014,04,03
6,2014,04,05
4,2014,04,10
5,2014,04,12
6,2014,04,17
6,2014,04,19
7,2014,04,24
0,2014,04,26
9,2014,05,01
1,2014,05,03
0,2014,05,08
6,2014,05,10
0,2014,05,15
1,2014,05,17
7,2014,05,22
4,2014,05,24
3,2014,05,29
5,2014,05,31
7,2014,06,05
1,2014,06,07
9,2014,06,12
0,2014,06,14
9,2014,06,19
8,2014,06,21
4,2014,06,26
9,2014,06,28
0,2014,07,03
1,2014,07,05
1,2014,07,10
6,2014,07,12
1,2014,07,17
3,2014,07,19
4,2014,07,24
9,2014,07,26
8,2014,07,31
6,2014,08,02
9,2014,08,07
1,2014,08,09
7,2014,08,14
3,2014,08,16
5,2014,08,21
0,2014,08,23
8,2014,08,28
3,2014,08,30
2,2014,09,04
9,2014,09,06
7,2014,09,11
2,2014,09,13
3,2014,09,18
8,2014,09,20
8,2014,09,25
0,2014,09,27
7,2014,10,02
0,2014,10,04
0,2014,10,09
0,2014,10,11
8,2014,10,16
1,2014,10,18
6,2014,10,23
6,2014,10,25
1,2014,10,30
3,2014,11,01
4,2014,11,06
2,2014,11,08
9,2014,11,13
2,2014,11,15
6,2014,11,20
3,2014,11,22
5,2014,11,27
2,2014,11,29
2,2014,12,04
1,2014,12,06
8,2014,12,11
5,2014,12,13
8,2014,12,18
2,2014,12,20
4,2014,12,25
8,2014,12,27
4,2015,01,01
1,2015,01,03
5,2015,01,08
2,2015,01,10
6,2015,01,15
8,2015,01,17
8,2015,01,22
1,2015,01,24
1,2015,01,29
2,2015,01,31
2,2015,02,05
3,2015,02,07
1,2015,02,12
8,2015,02,14
2,2015,02,19
9,2015,02,21
7,2015,02,26
4,2015,02,28
3,2015,03,05
9,2015,03,07
0,2015,03,12
7,2015,03,14
5,2015,03,19
3,2015,03,21
0,2015,03,26
5,2015,03,28
8,2015,04,02
9,2015,04,04
6,2015,04,09
3,2015,04,11
3,2015,04,16
5,2015,04,18
9,2015,04,23
5,2015,04,25
7,2015,04,30
4,2015,05,02
3,2015,05,07
2,2015,05,09
7,2015,05,14
2,2015,05,16
4,2015,05,21
7,2015,05,23
4,2015,05,28
5,2015,05,30
7,2015,06,04
7,2015,06,06
2,2015,06,11
3,2015,06,13
2,2015,06,18
3,2015,06,20
5,2015,06,25
2,2015,06,27
4,2015,07,02
4,2015,07,04
8,2015,07,09
6,2015,07,11
4,2015,07,16
4,2015,07,18
4,2015,07,23
0,2015,07,25
7,2015,07,30
7,2015,08,01
5,2015,08,06
0,2015,08,08
5,2015,08,13
9,2015,08,15
2,2015,08,20
9,2015,08,22
8,2015,08,27
8,2015,08,29
7,2015,09,03
9,2015,09,05
1,2015,09,10
0,2015,09,12
4,2015,09,17
1,2015,09,19
6,2015,09,24
4,2015,09,26
1,2015,10,01
0,2015,10,03
3,2015,10,08
0,2015,10,10
6,2015,10,15
4,2015,10,17
3,2015,10,22
9,2015,10,24
2,2015,10,29
4,2015,10,31
3,2015,11,05
7,2015,11,07
7,2015,11,12
5,2015,11,14
5,2015,11,19
8,2015,11,21
3,2015,11,26
3,2015,11,28
8,2015,12,03
5,2015,12,05
7,2015,12,10
2,2015,12,12
2,2015,12,17
0,2015,12,19
0,2015,12,24
7,2015,12,26
0,2015,12,31
9,2016,01,02
9,2016,01,07
0,2016,01,09
9,2016,01,14
6,2016,01,16
5,2016,01,21
2,2016,01,23
2,2016,01,28
8,2016,01,30
8,2016,02,04
6,2016,02,06
7,2016,02,11
1,2016,02,13
1,2016,02,18
6,2016,02,20
3,2016,02,25
6,2016,02,27
1,2016,03,03
6,2016,03,05
6,2016,03,10
2,2016,03,12
0,2016,03,17
6,2016,03,19
2,2016,03,24
4,2016,03,26
5,2016,03,31
3,2016,04,02
9,2016,04,07
0,2016,04,09
2,2016,04,14
9,2016,04,16
6,2016,04,21
3,2016,04,23
2,2016,04,28
7,2016,04,30
8,2016,05,05
9,2016,05,07
2,2016,05,12
9,2016,05,14
3,2016,05,19
4,2016,05,21
0,2016,05,26
1,2016,05,28
6,2016,06,02
1,2016,06,04
4,2016,06,09
3,2016,06,11
5,2016,06,16
8,2016,06,18
7,2016,06,23
3,2016,06,25
3,2016,06,30
7,2016,07,02
8,2016,07,07
6,2016,07,09
8,2016,07,14
2,2016,07,16
4,2016,07,21
2,2016,07,23
3,2016,07,28
5,2016,07,30
6,2016,08,04
2,2016,08,06
8,2016,08,11
3,2016,08,13
3,2016,08,18
0,2016,08,20
8,2016,08,25
4,2016,08,27
7,2016,09,01
5,2016,09,03
7,2016,09,08
2,2016,09,10
3,2016,09,15
2,2016,09,17
6,2016,09,22
8,2016,09,24
2,2016,09,29
6,2016,10,01
4,2016,10,06
2,2016,10,08
8,2016,10,13
2,2016,10,15
8,2016,10,20
8,2016,10,22
8,2016,10,27
8,2016,10,29
2,2016,11,03
8,2016,11,05
6,2016,11,10
0,2016,11,12
1,2016,11,17
0,2016,11,19
4,2016,11,24
4,2016,11,26
7,2016,12,01
8,2016,12,03
4,2016,12,08
6,2016,12,10
3,2016,12,15
4,2016,12,17
9,2016,12,22
9,2016,12,24
1,2016,12,29
2,2016,12,31
3,2017,01,05
5,2017,01,07
5,2017,01,12
7,2017,01,14
4,2017,01,19
2,2017,01,21
5,2017,01,26
3,2017,01,28
3,2017,02,02
5,2017,02,04
7,2017,02,09
4,2017,02,11
7,2017,02,16
1,2017,02,18
0,2017,02,23
9,2017,02,25
5,2017,03,02
2,2017,03,04
8,2017,03,09
0,2017,03,11
0,2017,03,16
6,2017,03,18
5,2017,03,23
7,2017,03,25
0,2017,03,30
9,2017,04,01
7,2017,04,06
1,2017,04,08
3,2017,04,13
0,2017,04,15
6,2017,04,20
4,2017,04,22
4,2017,04,27
2,2017,04,29
0,2017,05,04
3,2017,05,06
9,2017,05,11
5,2017,05,13
5,2017,05,18
9,2017,05,20
4,2017,05,25
5,2017,05,27
9,2017,06,01
9,2017,06,03
4,2017,06,08
8,2017,06,10
9,2017,06,15
2,2017,06,17
0,2017,06,22
7,2017,06,24
0,2017,06,29
2,2017,07,01
1,2017,07,06
3,2017,07,08
7,2017,07,13
1,2017,07,15
5,2017,07,20
1,2017,07,22
5,2017,07,27
5,2017,07,29
6,2017,08,03
3,2017,08,05
9,2017,08,10
7,2017,08,12
2,2017,08,17
7,2017,08,19
1,2017,08,24
4,2017,08,26
6,2017,08,31
9,2017,09,02
9,2017,09,07
9,2017,09,09
1,2017,09,14
6,2017,09,16
1,2017,09,21
7,2017,09,23
3,2017,09,28
1,2017,09,30
6,2017,10,05
4,2017,10,07
7,2017,10,12
5,2017,10,14
3,2017,10,19
7,2017,10,21
5,2017,10,26
5,2017,10,28
1,2017,11,02
8,2017,11,04
9,2017,11,09
1,2017,11,11
0,2017,11,16
5,2017,11,18
6,2017,11,23
4,2017,11,25
4,2017,11,30
6,2017,12,02
6,2017,12,07
2,2017,12,09
6,2017,12,14
8,2017,12,16
8,2017,12,21
4,2017,12,23
2,2017,12,28
8,2017,12,30
3,2018,01,04
0,2018,01,06
0,2018,01,11
8,2018,01,13
0,2018,01,18
8,2018,01,20
6,2018,01,25
7,2018,01,27
2,2018,02,01
2,2018,02,03
7,2018,02,08
3,2018,02,10
0,2018,02,15
8,2018,02,17
2,2018,02,22
7,2018,02,24
1,2018,03,01
7,2018,03,03
0,2018,03,08
0,2018,03,10
0,2018,03,15
1,2018,03,17
8,2018,03,22
2,2018,03,24
3,2018,03,29
6,2018,03,31
0,2018,04,05
4,2018,04,07
1,2018,04,12
3,2018,04,14
2,2018,04,19
6,2018,04,21
1,2018,04,26
5,2018,04,28
6,2018,05,03
2,2018,05,05
1,2018,05,10
2,2018,05,12
4,2018,05,17
6,2018,05,19
4,2018,05,24
0,2018,05,26
7,2018,05,31
9,2018,06,02
4,2018,06,07
1,2018,06,09
8,2018,06,14
1,2018,06,16
5,2018,06,21
4,2018,06,23
2,2018,06,28
3,2018,06,30
4,2018,07,05
4,2018,07,07
4,2018,07,12
5,2018,07,14
1,2018,07,19
8,2018,07,21
7,2018,07,26
7,2018,07,28
9,2018,08,02
3,2018,08,04
8,2018,08,09
0,2018,08,11
2,2018,08,16
1,2018,08,18
6,2018,08,23
9,2018,08,25
5,2018,08,30
2,2018,09,01
9,2018,09,06
7,2018,09,08
7,2018,09,13
8,2018,09,15
9,2018,09,20
8,2018,09,22
7,2018,09,27
4,2018,09,29
1,2018,10,04
8,2018,10,06
0,2018,10,11
8,2018,10,13
2,2018,10,18
8,2018,10,20
8,2018,10,25
6,2018,10,27
4,2018,11,01
2,2018,11,03
6,2018,11,08
8,2018,11,10
8,2018,11,15
2,2018,11,17
4,2018,11,22
9,2018,11,24
7,2018,11,29
9,2018,12,01
0,2018,12,06
4,2018,12,08
3,2018,12,13
5,2018,12,15
8,2018,12,20
3,2018,12,22
6,2018,12,27
3,2018,12,29
3,2019,01,03
0,2019,01,05
5,2019,01,10
7,2019,01,12
4,2019,01,17
9,2019,01,19
4,2019,01,24
3,2019,01,26
1,2019,01,31
3,2019,02,02
1,2019,02,07
3,2019,02,09
2,2019,02,14
3,2019,02,16
7,2019,02,21
6,2019,02,23
2,2019,02,28
1,2019,03,02
0,2019,03,07
0,2019,03,09
3,2019,03,14
4,2019,03,16
5,2019,03,21
0,2019,03,23
2,2019,03,28
8,2019,03,30
3,2019,04,04
7,2019,04,06
6,2019,04,11
8,2019,04,13
6,2019,04,18
8,2019,04,20
8,2019,04,25
3,2019,04,27
9,2019,05,02
7,2019,05,04
1,2019,05,09
7,2019,05,11
2,2019,05,16
4,2019,05,18
7,2019,05,23
2,2019,05,25
8,2019,05,30
5,2019,06,01
7,2019,06,06
7,2019,06,08
9,2019,06,13
5,2019,06,15
2,2019,06,20
1,2019,06,22
3,2019,06,27
6,2019,06,29
6,2019,07,04
9,2019,07,06
8,2019,07,11
6,2019,07,13
6,2019,07,18
6,2019,07,20
6,2019,07,25
9,2019,07,27
8,2019,08,01
8,2019,08,03
5,2019,08,08
2,2019,08,10
3,2019,08,15
0,2019,08,17
5,2019,08,22
7,2019,08,24
6,2019,08,29
5,2019,08,31
5,2019,09,05
2,2019,09,07
5,2019,09,12
3,2019,09,14
5,2019,09,19
6,2019,09,21
9,2019,09,26
5,2019,09,28
8,2019,10,03
8,2019,10,05
5,2019,10,10
2,2019,10,12
2,2019,10,17
8,2019,10,19
0,2019,10,24
5,2019,10,26
2,2019,10,31
9,2019,11,02
4,2019,11,07
1,2019,11,09
7,2019,11,14
4,2019,11,16
6,2019,11,21
3,2019,11,23
2,2019,11,28
3,2019,11,30
7,2019,12,05
6,2019,12,07
9,2019,12,12
4,2019,12,14
1,2019,12,19
2,2019,12,21
6,2019,12,26
1,2019,12,28
2,2020,01,02
5,2020,01,04
3,2020,01,09
7,2020,01,11
2,2020,01,16
6,2020,01,18
1,2020,01,23
7,2020,01,25
9,2020,01,30
1,2020,02,01
3,2020,02,06
2,2020,02,08
0,2020,02,13
9,2020,02,15
5,2020,02,20
4,2020,02,22
7,2020,02,27
4,2020,02,29
3,2020,03,05
4,2020,03,07
0,2020,03,12
7,2020,03,14
2,2020,05,21
4,2020,05,23
1,2020,05,28
5,2020,05,30
8,2020,06,04
4,2020,06,06
1,2020,06,11
9,2020,06,13
8,2020,06,18
1,2020,06,20
0,2020,06,25
1,2020,06,27
0,2020,07,02
1,2020,07,04
5,2020,07,09
9,2020,07,11
5,2020,07,16
9,2020,07,18
4,2020,07,23
1,2020,07,25
0,2020,07,30
3,2020,08,01
2,2020,08,06
5,2020,08,08
0,2020,08,13
5,2020,08,15
0,2020,08,20
3,2020,08,22
8,2020,08,27
2,2020,08,29
5,2020,09,03
2,2020,09,05
7,2020,09,10
4,2020,09,12
9,2020,09,17
5,2020,09,19
6,2020,09,24
0,2020,09,26
8,2020,10,01
5,2020,10,03
1,2020,10,08
4,2020,10,10
2,2020,10,15
3,2020,10,17
6,2020,10,22
1,2020,10,24
6,2020,10,29
9,2020,10,31
0,2020,11,05
8,2020,11,07
7,2020,11,12
0,2020,11,14
0,2020,11,19
2,2020,11,21
9,2020,11,26
9,2020,11,28
9,2020,12,03
6,2020,12,05
7,2020,12,10
0,2020,12,12
6,2020,12,17
4,2020,12,19
4,2020,12,24
5,2020,12,26
0,2020,12,31
9,2021,01,02
3,2021,01,07
2,2021,01,09
3,2021,01,14
0,2021,01,16
4,2021,01,21
7,2021,01,23
3,2021,01,28
4,2021,01,30
2,2021,02,04
5,2021,02,06
3,2021,02,11
9,2021,02,13
3,2021,02,18
1,2021,02,20
9,2021,02,25
8,2021,02,27
0,2021,03,04
7,2021,03,06
8,2021,03,11
9,2021,03,13
8,2021,03,18
7,2021,03,20
4,2021,03,25
9,2021,03,27
4,2021,04,01
1,2021,04,03
8,2021,04,08
6,2021,04,10
2,2021,04,15
9,2021,04,17
5,2021,04,22
9,2021,04,24
5,2021,04,29
0,2021,05,01
9,2021,05,06
1,2021,05,08
8,2021,05,13
3,2021,05,15
6,2021,05,20
7,2021,05,22
9,2021,05,27
0,2021,05,29
8,2021,06,03
1,2021,06,05
4,2021,06,10
3,2021,06,12
3,2021,06,17
1,2021,06,19
0,2021,06,24
0,2021,06,26
8,2021,07,01
5,2021,07,03
0,2021,07,08
3,2021,07,10
7,2021,07,15
1,2021,07,17
5,2021,07,22
1,2021,07,24
5,2021,07,29
7,2021,07,31
0,2021,08,05
9,2021,08,07
9,2021,08,12
0,2021,08,14
1,2021,08,19
1,2021,08,21
7,2021,08,26
3,2021,08,28
9,2021,09,02
4,2021,09,04
2,2021,09,09
7,2021,09,11
2,2021,09,16
2,2021,09,18
5,2021,09,23
0,2021,09,25
5,2021,09,30
2,2021,10,02
9,2021,10,07
6,2021,10,09
3,2021,10,14
3,2021,10,16
1,2021,10,21
0,2021,10,23
8,2021,10,28
5,2021,10,30
5,2021,11,04
3,2021,11,06
9,2021,11,11
4,2021,11,13
5,2021,11,18
0,2021,11,20
4,2021,11,25
3,2021,11,27
2,2021,12,02
8,2021,12,04
0,2021,12,09
5,2021,12,11
4,2021,12,16
2,2021,12,18
9,2021,12,23
8,2021,12,25
4,2021,12,30
8,2022,01,01
7,2022,01,06
5,2022,01,08
4,2022,01,13
9,2022,01,15
6,2022,01,20
1,2022,01,22
4,2022,01,27
3,2022,01,29
5,2022,02,03
0,2022,02,05
1,2022,02,10
1,2022,02,12
0,2022,02,17
3,2022,02,19
9,2022,02,24
3,2022,02,26
7,2022,03,03
4,2022,03,05
9,2022,03,10
8,2022,03,12
8,2022,03,17
2,2022,03,19
2,2022,03,24
3,2022,03,26
4,2022,03,31
5,2022,04,02
4,2022,04,07
6,2022,04,09
0,2022,04,14
1,2022,04,16
4,2022,04,21
0,2022,04,23
1,2022,04,28
7,2022,04,30
1,2022,05,05
9,2022,05,07
5,2022,05,12
5,2022,05,14
5,2022,05,19
0,2022,05,21
2,2022,05,26
5,2022,05,28
8,2022,06,02
3,2022,06,04
4,2022,06,09
7,2022,06,11
8,2022,06,16
9,2022,06,18
6,2022,06,23
3,2022,06,25
8,2022,06,30
4,2022,07,02
3,2022,07,07
1,2022,07,09
1,2022,07,11
6,2022,07,14
4,2022,07,16
5,2022,07,18
5,2022,07,21
0,2022,07,23
7,2022,07,25
7,2022,07,28
8,2022,07,30
5,2022,08,01
9,2022,08,04
3,2022,08,06
3,2022,08,08
8,2022,08,11
8,2022,08,13
1,2022,08,15
5,2022,08,18
0,2022,08,20
5,2022,08,22
5,2022,08,25
8,2022,08,27
3,2022,08,29
9,2022,09,01
5,2022,09,03
9,2022,09,05
5,2022,09,08
5,2022,09,10
7,2022,09,12
2,2022,09,15
7,2022,09,17
7,2022,09,19
9,2022,09,22
4,2022,09,24
9,2022,09,26
6,2022,09,29
9,2022,10,01
8,2022,10,03
0,2022,10,06
3,2022,10,08
2,2022,10,10
3,2022,10,13
7,2022,10,15
9,2022,10,17
3,2022,10,20
4,2022,10,22
4,2022,10,24
8,2022,10,27
2,2022,10,29
3,2022,10,31
3,2022,11,03
1,2022,11,05
8,2022,11,07
1,2022,11,10
5,2022,11,12
2,2022,11,14
8,2022,11,17
6,2022,11,19
7,2022,11,21
6,2022,11,24
8,2022,11,26
4,2022,11,28
6,2022,12,01
8,2022,12,03
8,2022,12,05
2,2022,12,08
1,2022,12,10
8,2022,12,12
5,2022,12,15
9,2022,12,17
1,2022,12,19
0,2022,12,22
4,2022,12,24
6,2022,12,26
6,2022,12,29
3,2022,12,31
7,2023,01,02
7,2023,01,05
6,2023,01,07
7,2023,01,09
2,2023,01,12
4,2023,01,14
4,2023,01,16
2,2023,01,19
5,2023,01,21
2,2023,01,23
6,2023,01,26
6,2023,01,28
0,2023,01,30
8,2023,02,02
5,2023,02,04
4,2023,02,06
9,2023,02,09
9,2023,02,11
7,2023,02,13
5,2023,02,16
8,2023,02,18
3,2023,02,20
9,2023,02,23
7,2023,02,25
8,2023,02,27
6,2023,03,02
0,2023,03,04
8,2023,03,06
0,2023,03,09
0,2023,03,11
9,2023,03,13
5,2023,03,16
9,2023,03,18
6,2023,03,20
9,2023,03,23
5,2023,03,25
3,2023,03,27
1,2023,03,30
3,2023,04,01
1,2023,04,03
9,2023,04,06
7,2023,04,08
1,2023,04,10
3,2023,04,13
5,2023,04,15
6,2023,04,17
2,2023,04,20
3,2023,04,22
9,2023,04,24
5,2023,04,27
5,2023,04,29
7,2023,05,01
8,2023,05,04
9,2023,05,06
5,2023,05,08
2,2023,05,11
4,2023,05,13
4,2023,05,15
8,2023,05,18
9,2023,05,20
9,2023,05,22
9,2023,05,25
4,2023,05,27
5,2023,05,29
1,2023,06,01
0,2023,06,03
2,2023,06,05
8,2023,06,08
5,2023,06,10
7,2023,06,12
2,2023,06,15
9,2023,06,17
5,2023,06,19
1,2023,06,22
2,2023,06,24
2,2023,06,26
7,2023,06,29
3,2023,07,01
5,2023,07,03
7,2023,07,06
2,2023,07,08
6,2023,07,10
6,2023,07,13
5,2023,07,15
3,2023,07,17
5,2023,07,20
6,2023,07,22
2,2023,07,24
1,2023,07,27
5,2023,07,29
5,2023,07,31
6,2023,08,03
5,2023,08,05
1,2023,08,07
8,2023,08,10
0,2023,08,12
3,2023,08,14
0,2023,08,17
9,2023,08,19
3,2023,08,21
7,2023,08,24
7,2023,08,26
4,2023,08,28
4,2023,08,31
7,2023,09,02
8,2023,09,04
9,2023,09,07
8,2023,09,09
8,2023,09,11
3,2023,09,14
7,2023,09,16
7,2023,09,18
8,2023,09,21
7,2023,09,23
3,2023,09,25
7,2023,09,28
2,2023,09,30
4,2023,10,02
2,2023,10,05
4,2023,10,07
8,2023,10,09
3,2023,10,12
6,2023,10,14
6,2023,10,16
8,2023,10,19
0,2023,10,21
8,2023,10,23
4,2023,10,26
2,2023,10,28
2,2023,10,30
8,2023,11,02
8,2023,11,04
3,2023,11,06
0,2023,11,09
4,2023,11,11
3,2023,11,13
3,2023,11,16
9,2023,11,18
7,2023,11,20
8,2023,11,23
2,2023,11,25
4,2023,11,27
9,2023,11,30
0,2023,12,02
1,2023,12,04
3,2023,12,07
7,2023,12,09
2,2023,12,11
6,2023,12,14
9,2023,12,16
2,2023,12,18
3,2023,12,21
6,2023,12,23
7,2023,12,25
1,2023,12,28
5,2023,12,30
9,2024,01,01
1,2024,01,04
4,2024,01,06
9,2024,01,08
4,2024,01,11
4,2024,01,13
1,2024,01,15
0,2024,01,18
7,2024,01,20
8,2024,01,22
0,2024,01,25
5,2024,01,27
5,2024,01,29
8,2024,02,01
8,2024,02,03
6,2024,02,05
3,2024,02,08
9,2024,02,10
6,2024,02,12
2,2024,02,15
8,2024,02,17
7,2024,02,19
8,2024,02,22
6,2024,02,24
7,2024,02,26
9,2024,02,29
3,2024,03,02
3,2024,03,04
8,2024,03,07
5,2024,03,09
6,2024,03,11
2,2024,03,14
2,2024,03,16
9,2024,03,18
8,2024,03,21
7,2024,03,23
7,2024,03,25
1,2024,03,28
8,2024,03,30
6,2024,04,01
5,2024,04,04
1,2024,04,06
1,2024,04,08
3,2024,04,11
4,2024,04,13
7,2024,04,15
5,2024,04,18
2,2024,04,20
1,2024,04,22
1,2024,04,25
0,2024,04,27
3,2024,04,29
3,2024,05,02
6,2024,05,04
5,2024,05,06
8,2024,05,09
8,2024,05,11
2,2024,05,13
8,2024,05,16
1,2024,05,18
3,2024,05,20
7,2024,05,23
9,2024,05,25
6,2024,05,27
0,2024,05,30
0,2024,06,01
8,2024,06,03
5,2024,06,06
8,2024,06,08
2,2024,06,10
0,2024,06,13
0,2024,06,15
8,2024,06,17
9,2024,06,20
7,2024,06,22
1,2024,06,24
9,2024,06,27
2,2024,06,29
7,2024,07,01
1,2024,07,04
3,2024,07,06
1,2024,07,08
9,2024,07,11
0,2024,07,13
3,2024,07,15
8,2024,07,18
4,2024,07,20
7,2024,07,22
4,2024,07,25
4,2024,07,27
0,2024,07,29
8,2024,08,01
1,2024,08,03
4,2024,08,05
2,2024,08,08
2,2024,08,10
7,2024,08,12
8,2024,08,15
1,2024,08,17
9,2024,08,19
5,2024,08,22
8,2024,08,24
3,2024,08,26
6,2024,08,29
8,2024,08,31
0,2024,09,02
8,2024,09,05
6,2024,09,07
5,2024,09,09
6,2024,09,12
8,2024,09,14
9,2024,09,16
6,2024,09,19
6,2024,09,21
5,2024,09,23
0,2024,09,26
2,2024,09,28
9,2024,09,30
1,2024,10,03
0,2024,10,05
4,2024,10,07
3,2024,10,10
4,2024,10,12
3,2024,10,14
2,2024,10,17
4,2024,10,19
6,2024,10,21
3,2024,10,24
5,2024,10,26
3,2024,10,28
7,2024,10,31
1,2024,11,02
2,2024,11,04
9,2024,11,07
0,2024,11,09
1,2024,11,11
9,2024,11,14
1,2024,11,16
2,2024,11,18
8,2024,11,21
9,2024,11,23
7,2024,11,25
7,2024,11,28
7,2024,11,30
8,2024,12,02
0,2024,12,05
7,2024,12,07
2,2024,12,09
9,2024,12,12
3,2024,12,14
6,2024,12,16
1,2024,12,19
6,2024,12,21
3,2024,12,23
7,2024,12,26
0,2024,12,28
9,2024,12,30
2,2025,01,02
0,2025,01,04
7,2025,01,06
6,2025,01,09
8,2025,01,11
2,2025,01,13
1,2025,01,16
0,2025,01,18
2,2025,01,20
4,2025,01,23
2,2025,01,25
0,2025,01,27
0,2025,01,30
5,2025,02,01
1,2025,02,03
9,2025,02,06
0,2025,02,08
0,2025,02,10
3,2025,02,13
0,2025,02,15
9,2025,02,17
1,2025,02,20
3,2025,02,22
2,2025,02,24
2,2025,02,27
5,2025,03,01
1,2025,03,03
6,2025,03,06
1,2025,03,08
1,2025,03,10
1,2025,03,13
3,2025,03,15
1,2025,03,17
8,2025,03,20
8,2025,03,22
5,2025,03,24
0,2025,03,27
9,2025,03,29
9,2025,03,31
4,2025,04,03
2,2025,04,05
8,2025,04,07
9,2025,04,10
7,2025,04,12
8,2025,04,14
3,2025,04,17
2,2025,04,19
3,2025,04,21
9,2025,04,24
9,2025,04,26
1,2025,04,28
9,2025,05,01
4,2025,05,03
9,2025,05,05
8,2025,05,08
8,2025,05,10
5,2025,05,12
5,2025,05,15
2,2025,05,17
9,2025,05,19
1,2025,05,22
0,2025,05,24
2,2025,05,26
7,2025,05,29
9,2025,05,31
3,2025,06,02
8,2025,06,05
3,2025,06,07
1,2025,06,09
0,2025,06,12
1,2025,06,14
0,2025,06,16
9,2025,06,19
4,2025,06,21
5,2025,06,23
4,2025,06,26
2,2025,06,28
4,2025,06,30
0,2025,07,03
3,2025,07,05
4,2025,07,07
2,2025,07,10
0,2025,07,12
1,2025,07,14
3,2025,07,17
4,2025,07,19
0,2025,07,21
8,2025,07,24
4,2025,07,26
5,2025,07,28
7,2025,07,31
9,2025,08,02
0,2025,08,04
7,2025,08,07
9,2025,08,09
8,2025,08,11
2,2025,08,14
6,2025,08,16
2,2025,08,18
2,2025,08,21
4,2025,08,23
9,2025,08,25
5,2025,08,28
8,2025,08,30
2,2025,09,01
8,2025,09,04
4,2025,09,06
3,2025,09,08
9,2025,09,11
1,2025,09,13
8,2025,09,15
8,2025,09,18
0,2025,09,20
4,2025,09,22
1,2025,09,25
7,2025,09,27
0,2025,09,29
9,2025,10,02
2,2025,10,04
4,2025,10,06
1,2025,10,09
6,2025,10,11
9,2025,10,13
6,2025,10,16
0,2025,10,18
3,2025,10,20
5,2025,10,23
1,2025,10,25
6,2025,10,27
2,2025,10,30
2,2025,11,01
9,2025,11,03
9,2025,11,06
8,2025,11,08
8,2025,11,10
7,2025,11,13
2,2025,11,15
2,2025,11,17
0,2025,11,20
5,2025,11,22
3,2025,11,24
3,2025,11,27
8,2025,11,29
6,2025,12,01
0,2025,12,04
1,2025,12,06
5,2025,12,08
0,2025,12,11
1,2025,12,13
1,2025,12,15
2,2025,12,18
5,2025,12,20
3,2025,12,22
0,2025,12,25
